clu.sa2,size,sa1_ratio,AllenAnnot,AllenAnnot_quality,AllenAnnot_ratio,L3Annot,L3Annot_quality,L3Annot_ratio,L2Annot,L2Annot_quality,L2Annot_ratio,class,class_quality,class_ratio,mainclass,mainclass_quality,mainclass_ratio
1-1-1,54637,0.93,Oligo_NN,high,1,MOL2,low,0.18,OGC2,high,0.93,NN,high,1,NN,high,1
1-1-2,43984,0.93,Oligo_NN,high,1,MOL2,low,0.39,OGC2,high,0.91,NN,high,1,NN,high,1
1-10-1,3301,0.93,Oligo_NN,high,1,MFOL1,low,0.18,OGC2,high,0.81,NN,high,1,NN,high,1
1-11-1,3273,0.94,Oligo_NN,high,1,MOL2,low,0.21,OGC2,high,0.82,NN,high,1,NN,high,1
1-12-1,3289,0.95,Oligo_NN,high,1,MOL2,low,0.21,OGC2,high,0.94,NN,high,1,NN,high,1
1-13-1,3206,0.95,Oligo_NN,high,1,MFOL1,low,0.28,OGC2,high,0.96,NN,high,1,NN,high,1
1-14-1,3082,0.94,Oligo_NN,high,1,MOL2,low,0.21,OGC2,high,0.94,NN,high,1,NN,high,1
1-15-1,3023,0.94,Oligo_NN,high,1,MOL2,low,0.21,OGC2,high,0.92,NN,high,1,NN,high,1
1-16-1,2819,0.94,Oligo_NN,high,1,MOL2,low,0.19,OGC2,high,0.85,NN,high,1,NN,high,1
1-17-1,2680,0.94,Oligo_NN,high,1,MFOL1,low,0.2,OGC2,high,0.88,NN,high,1,NN,high,1
1-18-1,2617,0.92,Oligo_NN,high,1,MOL2,low,0.19,OGC2,high,0.91,NN,high,1,NN,high,1
1-19-1,2396,0.94,Oligo_NN,high,1,MOL1,low,0.25,OGC2,high,0.73,NN,high,1,NN,high,1
1-2-1,52331,0.98,Oligo_NN,high,1,MOL1,high,0.96,OGC1,high,0.96,NN,high,1,NN,high,1
1-2-2,15636,0.89,Oligo_NN,high,1,MOL1,high,1,OGC1,high,1,NN,high,1,NN,high,1
1-20-1,2380,0.94,Oligo_NN,high,1,MOL2,low,0.2,OGC2,high,0.82,NN,high,1,NN,high,1
1-21-1,2259,0.94,Oligo_NN,high,1,MOL2,low,0.21,OGC2,high,0.85,NN,high,1,NN,high,1
1-22-1,2210,0.93,Oligo_NN,high,1,MOL2,low,0.24,OGC2,high,0.82,NN,high,1,NN,high,1
1-23-1,2067,0.93,Oligo_NN,high,1,MOL2,low,0.2,OGC2,high,0.84,NN,high,1,NN,high,1
1-24-1,1965,0.9,Oligo_NN,high,1,MFOL1,low,0.21,OGC2,high,0.92,NN,high,1,NN,high,1
1-25-1,1832,0.94,Oligo_NN,high,1,MOL2,low,0.23,OGC2,high,0.94,NN,high,1,NN,high,1
1-26-1,1735,0.94,Oligo_NN,high,1,MOL2,low,0.21,OGC2,high,0.87,NN,high,1,NN,high,1
1-27-1,1642,0.93,Oligo_NN,high,1,MOL2,low,0.2,OGC2,high,0.88,NN,high,1,NN,high,1
1-28-1,973,0.63,Oligo_NN,medium,0.68,MOL5,low,0.32,OGC2,medium,0.54,NN,high,1,NN,high,1
1-28-2,122,0.75,Endo_NN,high,0.97,VEC5,high,0.97,VEC,high,0.97,NN,high,1,NN,high,1
1-29-1,1365,0.93,Oligo_NN,high,1,MOL2,low,0.21,OGC2,high,0.89,NN,high,1,NN,high,1
1-3-1,43310,0.99,Oligo_NN,high,1,MOL6,low,0.35,OGC2,high,0.94,NN,high,1,NN,high,1
1-3-2,23117,0.99,Oligo_NN,high,1,MOL2,low,0.34,OGC2,high,0.96,NN,high,1,NN,high,1
1-30-1,1329,0.93,Oligo_NN,high,1,MOL2,low,0.22,OGC2,high,0.94,NN,high,1,NN,high,1
1-4-1,31484,0.9,Oligo_NN,high,1,MOL3,medium,0.5,OGC2,high,0.89,NN,high,1,NN,high,1
1-4-2,21073,0.92,Oligo_NN,high,1,MOL3,medium,0.6,OGC2,high,0.82,NN,high,1,NN,high,1
1-4-3,406,0.88,Oligo_NN,high,1,MOL3,medium,0.61,OGC2,high,0.9,NN,high,1,NN,high,1
1-5-1,19342,0.95,Oligo_NN,high,1,MFOL2,medium,0.64,IOL,medium,0.64,NN,high,1,NN,high,1
1-5-2,5196,0.91,Oligo_NN,high,1,MFOL2,high,0.92,IOL,high,1,NN,high,1,NN,high,1
1-6-1,4959,0.96,Oligo_NN,high,1,MOL2,low,0.36,OGC2,high,0.79,NN,high,1,NN,high,1
1-7-1,4608,0.95,Oligo_NN,high,1,MOL2,low,0.2,OGC2,high,0.89,NN,high,1,NN,high,1
1-8-1,3609,0.96,Oligo_NN,high,1,MOL2,low,0.38,OGC2,high,0.84,NN,high,1,NN,high,1
1-9-1,3397,0.94,Oligo_NN,high,1,MOL2,low,0.23,OGC2,high,0.85,NN,high,1,NN,high,1
10-1-2,1993,0.99,CB_Granule_Glut,high,1,CBGRANGL1,high,0.74,CBGRGL,high,1,Glut,high,1,GLUT,high,1
10-1-1,42926,0.98,CB_Granule_Glut,high,1,CBGRANGL1,high,0.92,CBGRGL,high,1,Glut,high,1,GLUT,high,1
10-2-2,1444,0.94,CB_Granule_Glut,high,1,CBGRANGL2,high,0.88,CBGRGL,high,1,Glut,high,1,GLUT,high,1
10-2-1,34501,0.91,CB_Granule_Glut,high,1,CBGRANGL2,high,0.93,CBGRGL,high,1,Glut,high,1,GLUT,high,1
10-3-1,6663,0.99,CB_Granule_Glut,high,1,CBGRANGL3,high,0.78,CBGRGL,high,1,Glut,high,1,GLUT,high,1
10-3-2,2186,0.98,CB_Granule_Glut,high,1,CBGRANGL3,medium,0.68,CBGRGL,high,1,Glut,high,1,GLUT,high,1
11-1-1,84281,0.97,Microglia_NN,high,1,MGL1,high,1,MGL,high,1,NN,high,1,NN,high,1
11-1-2,586,0.95,Microglia_NN,high,0.99,MGL1,high,0.99,MGL,high,1,NN,high,1,NN,high,1
11-2-1,3109,0.9,BAM_NN,high,0.98,PVM,high,0.98,MGL,high,1,NN,high,1,NN,high,1
11-2-2,720,0.89,BAM_NN,high,0.97,PVM,high,0.97,MGL,high,1,NN,high,1,NN,high,1
11-3-2,130,0.72,BAM_NN,high,0.75,PVM,high,0.75,MGL,high,0.96,NN,high,1,NN,high,1
11-3-1,214,0.72,BAM_NN,high,0.88,PVM,high,0.88,MGL,high,0.95,NN,high,1,NN,high,1
11-4-1,52,0.14,Microglia_NN,medium,0.52,MGL1,medium,0.42,MGL,medium,0.52,NN,high,0.71,NN,high,0.71
12-1-1,37560,0.93,MSN_D2_Gaba,medium,0.53,D1MSN1,low,0.18,D12MSN,high,0.99,Gaba,high,1,GABA,high,1
12-1-2,23846,0.96,MSN_D1_Gaba,medium,0.51,D2MSN3,low,0.21,D12MSN,high,0.97,Gaba,high,1,GABA,high,1
12-2-1,9394,0.93,STR-PAL_Chst9_Gaba,high,0.98,STRGA1,low,0.32,STRPALGA,high,0.98,Gaba,high,1,GABA,high,1
12-2-2,7302,0.94,STR-PAL_Chst9_Gaba,high,0.85,STRGA4,low,0.25,STRPALGA,high,0.98,Gaba,high,1,GABA,high,1
12-2-3,765,0.75,STR-PAL_Chst9_Gaba,high,0.86,STRGA10,high,0.72,STRPALGA,high,0.86,Gaba,high,0.98,GABA,high,0.99
12-3-2,896,0.92,MSN_D1_Gaba,high,0.97,PIRGA1,high,0.97,PIRGA,high,0.97,Gaba,high,0.99,GABA,high,0.99
12-3-1,1371,0.94,MSN_D1_Gaba,high,0.97,PIRGA1,high,0.96,PIRGA,high,0.96,Gaba,high,1,GABA,high,1
12-4-2,360,0.93,CEA-AAA-BST_Six3_Cyp26b1_Gaba,high,0.76,Six3CABGA1,medium,0.54,AMYGAGL,high,0.81,Gaba,high,1,GABA,high,1
12-4-1,1381,0.95,CEA-AAA-BST_Six3_Cyp26b1_Gaba,high,0.77,Six3CABGA2,high,0.76,AMYGAGL,high,0.78,Gaba,high,1,GABA,high,1
13-1-2,3502,0.96,L5_IT_CTX_Glut,high,0.83,ITL6GL1,high,0.81,ITL56GL,high,0.95,Glut,high,1,GLUT,high,1
13-1-1,16286,0.94,L5_IT_CTX_Glut,high,0.98,ITL6GL1,high,0.91,ITL56GL,high,0.98,Glut,high,1,GLUT,high,1
13-2-2,3729,0.95,L6_IT_CTX_Glut,medium,0.67,ITL6GL2,medium,0.53,ITL56GL,high,0.99,Glut,high,1,GLUT,high,1
13-2-1,4038,0.94,L6_IT_CTX_Glut,high,0.97,ITL6GL2,high,0.96,ITL56GL,high,0.99,Glut,high,1,GLUT,high,1
13-2-3,2571,0.94,L6_IT_CTX_Glut,high,0.91,ITL6GL2,high,0.9,ITL56GL,high,1,Glut,high,1,GLUT,high,1
13-3-2,4815,0.95,L6_IT_CTX_Glut,high,0.93,ITL6GL2,high,0.88,ITL56GL,high,0.99,Glut,high,1,GLUT,high,1
13-3-1,4817,0.94,L6_IT_CTX_Glut,high,0.94,ITL6GL2,high,0.9,ITL56GL,high,0.99,Glut,high,1,GLUT,high,1
13-4-1,5074,0.94,L5-6_IT_TPE-ENT_Glut,high,0.73,ITL6GL4,high,0.73,ITL56GL,high,0.94,Glut,high,1,GLUT,high,1
13-4-2,2282,0.94,L5-6_IT_TPE-ENT_Glut,high,0.92,ITL6GL4,high,0.89,ITL56GL,high,0.97,Glut,high,1,GLUT,high,1
13-5-3,1049,0.93,L5-6_IT_TPE-ENT_Glut,high,0.95,ITL6GL6,high,0.95,ITL56GL,high,0.96,Glut,high,1,GLUT,high,1
13-5-5,866,0.91,L5-6_IT_TPE-ENT_Glut,high,0.95,ITL6GL6,high,0.94,ITL56GL,high,0.95,Glut,high,1,GLUT,high,1
13-5-6,464,0.94,L5-6_IT_TPE-ENT_Glut,high,1,ITL6GL6,high,1,ITL56GL,high,1,Glut,high,1,GLUT,high,1
13-5-4,939,0.95,L5-6_IT_TPE-ENT_Glut,high,0.94,ITL6GL6,high,0.94,ITL56GL,high,0.95,Glut,high,1,GLUT,high,1
13-5-8,273,0.96,L5-6_IT_TPE-ENT_Glut,high,0.85,ITL6GL6,high,0.85,ITL56GL,high,1,Glut,high,1,GLUT,high,1
13-5-1,1410,0.93,L5-6_IT_TPE-ENT_Glut,high,0.96,ITL6GL6,high,0.91,ITL56GL,high,0.99,Glut,high,1,GLUT,high,1
13-5-2,1342,0.95,L5-6_IT_TPE-ENT_Glut,high,1,ITL6GL6,high,1,ITL56GL,high,1,Glut,high,1,GLUT,high,1
13-5-7,285,0.88,L5-6_IT_TPE-ENT_Glut,high,0.96,ITL6GL6,high,0.95,ITL56GL,high,0.96,Glut,high,1,GLUT,high,1
13-6-1,3408,0.95,L6_IT_CTX_Glut,high,0.93,ITL6GL5,high,0.91,ITL56GL,high,0.99,Glut,high,1,GLUT,high,1
13-6-2,3076,0.95,L6_IT_CTX_Glut,high,0.98,ITL6GL5,high,0.91,ITL56GL,high,0.99,Glut,high,1,GLUT,high,1
13-7-2,1435,0.84,L5-6_IT_TPE-ENT_Glut,high,0.94,ITL6GL7,medium,0.51,ITL56GL,high,0.99,Glut,high,1,GLUT,high,1
13-7-1,3138,0.8,L5-6_IT_TPE-ENT_Glut,high,0.86,ITL6GL7,high,0.8,ITL56GL,high,0.93,Glut,high,1,GLUT,high,1
13-7-3,919,0.89,L5-6_IT_TPE-ENT_Glut,high,0.98,ITL6GL7,high,0.95,ITL56GL,high,0.96,Glut,high,1,GLUT,high,1
13-8-1,5373,0.95,L5_IT_CTX_Glut,high,0.95,ITL6GL3,high,0.95,ITL56GL,high,0.97,Glut,high,1,GLUT,high,1
13-8-2,811,0.91,L6_CT_CTX_Glut,medium,0.51,CTGL9,medium,0.5,CTL6GL,medium,0.51,Glut,high,1,GLUT,high,1
14-1-1,17517,0.94,Pvalb_Gaba,high,1,PVGA1,low,0.35,PVGA,high,0.99,Gaba,high,0.99,GABA,high,0.99
14-1-3,3537,0.95,Pvalb_Gaba,high,0.99,PVGA6,high,0.9,PVGA,high,0.98,Gaba,high,0.99,GABA,high,0.99
14-1-2,6582,0.95,Pvalb_Gaba,high,0.99,PVGA3,high,0.7,PVGA,high,0.99,Gaba,high,1,GABA,high,1
14-2-1,6691,0.92,Sst_Gaba,high,0.92,SSTGA1,high,0.73,SSTGA,high,0.92,Gaba,high,0.99,GABA,high,0.99
14-2-2,5294,0.92,Sst_Gaba,high,0.99,SSTGA4,medium,0.62,SSTGA,high,0.99,Gaba,high,1,GABA,high,1
14-3-1,1860,0.91,Sst_Gaba,high,0.99,SSTGA2,high,0.95,SSTGA,high,0.99,Gaba,high,0.99,GABA,high,0.99
14-3-2,1273,0.92,Sst_Gaba,high,0.99,SSTGA5,high,0.87,SSTGA,high,0.99,Gaba,high,1,GABA,high,1
14-3-3,905,0.9,Sst_Gaba,high,0.98,SSTGA2,high,0.91,SSTGA,high,0.98,Gaba,high,1,GABA,high,1
14-3-5,605,0.91,Sst_Gaba,high,1,SSTGA3,high,0.92,SSTGA,high,1,Gaba,high,1,GABA,high,1
14-3-4,868,0.89,Sst_Gaba,high,0.99,SSTGA2,high,0.96,SSTGA,high,0.99,Gaba,high,0.99,GABA,high,0.99
14-3-6,348,0.88,Sst_Gaba,high,0.99,SSTGA2,high,0.93,SSTGA,high,0.98,Gaba,high,0.99,GABA,high,0.99
14-4-3,885,0.92,Sst_Chodl_Gaba,high,0.98,CholdlSSTGA2,high,0.96,SSTGA,high,1,Gaba,high,1,GABA,high,1
14-4-1,2253,0.9,Sst_Gaba,high,0.88,SSTGA3,high,0.85,SSTGA,high,0.99,Gaba,high,1,GABA,high,1
14-4-2,1745,0.8,Sst_Gaba,medium,0.61,SSTGA7,medium,0.59,SSTGA,medium,0.61,Gaba,high,1,GABA,high,1
14-5-2,1048,0.93,Sst_Gaba,high,0.94,SSTGA9,high,0.75,PVGA,high,0.81,Gaba,high,1,GABA,high,1
14-5-1,2543,0.9,Sst_Gaba,high,0.97,SSTGA6,high,0.88,SSTGA,high,0.96,Gaba,high,0.99,GABA,high,0.99
14-5-3,935,0.91,Pvalb_Gaba,high,0.99,PVGA10,high,0.97,PVGA,high,0.99,Gaba,high,1,GABA,high,1
14-6-1,4141,0.93,Pvalb_Gaba,high,0.98,PVGA5,high,0.92,PVGA,high,0.98,Gaba,high,0.99,GABA,high,1
14-6-2,318,0.96,Pvalb_Gaba,medium,0.57,PVGA5,low,0.15,PVGA,medium,0.62,Gaba,high,1,GABA,high,1
14-7-2,464,0.95,STR_Prox1_Lhx6_Gaba,high,0.9,Prox1STRGA1,high,0.9,STRGA,high,0.9,Gaba,high,1,GABA,high,1
14-7-1,954,0.87,STR_Prox1_Lhx6_Gaba,high,0.96,Prox1STRGA1,high,0.96,STRGA,high,0.96,Gaba,high,1,GABA,high,1
14-7-4,304,0.91,STR_Prox1_Lhx6_Gaba,high,0.89,Prox1STRGA1,high,0.89,STRGA,high,0.89,Gaba,high,1,GABA,high,1
14-7-3,323,0.95,STR_Prox1_Lhx6_Gaba,high,0.88,Prox1STRGA2,high,0.78,STRGA,high,0.88,Gaba,high,1,GABA,high,1
14-8-1,1539,0.91,Pvalb_chandelier_Gaba,high,0.99,PVGA9,high,0.99,PVGA,high,0.99,Gaba,high,1,GABA,high,1
14-8-2,132,0.75,Pvalb_chandelier_Gaba,high,0.93,PVGA9,high,0.93,PVGA,high,0.97,Gaba,high,1,GABA,high,1
15-1-5,770,0.86,DG_Glut,high,1,GRC7,high,0.79,HPFGL,high,0.96,Glut,high,1,GLUT,high,1
15-1-4,5598,0.96,DG_Glut,high,1,GRC4,low,0.28,HPFGL,high,1,Glut,high,1,GLUT,high,1
15-1-1,14449,0.97,DG_Glut,high,1,GRC3,medium,0.49,HPFGL,high,1,Glut,high,1,GLUT,high,1
15-1-2,10332,0.98,DG_Glut,high,1,GRC1,medium,0.61,HPFGL,high,1,Glut,high,1,GLUT,high,1
15-1-3,6508,0.95,DG_Glut,high,1,GRC4,high,0.82,HPFGL,high,1,Glut,high,1,GLUT,high,1
15-2-1,13811,0.98,DG_Glut,high,1,GRC2,medium,0.56,HPFGL,high,1,Glut,high,1,GLUT,high,1
15-2-2,6079,0.96,DG_Glut,high,1,GRC5,medium,0.56,HPFGL,high,1,Glut,high,1,GLUT,high,1
15-2-3,1173,0.96,DG_Glut,high,1,GRC2,high,0.98,HPFGL,high,1,Glut,high,1,GLUT,high,1
15-3-1,795,0.93,DG_Glut,high,0.99,GRC4,high,0.99,HPFGL,high,0.99,Glut,high,1,GLUT,high,1
15-3-2,279,0.95,DG_Glut,high,0.99,GRC4,high,0.99,HPFGL,high,0.99,Glut,high,1,GLUT,high,1
16-1-8,964,0.86,Vip_Gaba,high,0.99,VIPGA3,high,0.88,VIPGA,high,0.99,Gaba,high,0.99,GABA,high,0.99
16-1-2,1980,0.88,Vip_Gaba,high,0.99,VIPGA1,high,0.97,VIPGA,high,0.99,Gaba,high,0.99,GABA,high,0.99
16-1-4,1584,0.84,Vip_Gaba,high,1,VIPGA1,high,1,VIPGA,high,1,Gaba,high,1,GABA,high,1
16-1-1,2138,0.87,Vip_Gaba,high,0.99,VIPGA1,high,0.98,VIPGA,high,0.99,Gaba,high,0.99,GABA,high,0.99
16-1-5,1287,0.85,Vip_Gaba,high,0.99,VIPGA1,high,0.98,VIPGA,high,0.99,Gaba,high,0.99,GABA,high,0.99
16-1-6,1252,0.86,Vip_Gaba,high,0.99,VIPGA1,medium,0.59,VIPGA,high,0.99,Gaba,high,0.99,GABA,high,0.99
16-1-3,1802,0.87,Vip_Gaba,high,1,VIPGA3,high,0.97,VIPGA,high,1,Gaba,high,1,GABA,high,1
16-1-7,1114,0.86,Vip_Gaba,high,1,VIPGA3,high,0.89,VIPGA,high,1,Gaba,high,1,GABA,high,1
16-1-10,21,0.12,Vip_Gaba,high,0.71,VIPGA1,medium,0.52,VIPGA,high,0.71,Gaba,high,0.71,GABA,high,0.71
16-1-9,183,0.93,Vip_Gaba,medium,0.61,VIPGA1,low,0.33,VIPGA,medium,0.62,Gaba,high,1,GABA,high,1
16-2-1,6949,0.86,Lamp5_Gaba,high,1,LAMGA1,high,0.81,LAMGA,high,1,Gaba,high,1,GABA,high,1
16-2-2,4036,0.87,Lamp5_Gaba,high,1,LAMGA2,high,0.86,LAMGA,high,1,Gaba,high,1,GABA,high,1
16-3-3,595,0.77,Vip_Gaba,high,0.91,VIPGA2,high,0.84,VIPGA,high,0.91,Gaba,high,0.99,GABA,high,0.99
16-3-6,464,0.83,Vip_Gaba,high,0.99,VIPGA2,high,0.98,VIPGA,high,0.99,Gaba,high,1,GABA,high,1
16-3-2,879,0.81,Vip_Gaba,high,1,VIPGA2,high,0.99,VIPGA,high,1,Gaba,high,1,GABA,high,1
16-3-1,989,0.84,Vip_Gaba,high,0.97,VIPGA2,high,0.96,VIPGA,high,0.97,Gaba,high,1,GABA,high,1
16-3-8,327,0.89,Vip_Gaba,high,1,VIPGA2,high,0.96,VIPGA,high,1,Gaba,high,1,GABA,high,1
16-3-4,504,0.81,Vip_Gaba,high,1,VIPGA2,high,1,VIPGA,high,1,Gaba,high,1,GABA,high,1
16-3-5,502,0.86,RHP-COA_Ndnf_Gaba,high,0.88,VIPGA5,high,0.88,VIPGA,high,0.9,Gaba,high,0.99,GABA,high,0.99
16-3-10,145,0.72,RHP-COA_Ndnf_Gaba,high,0.94,VIPGA5,high,0.94,VIPGA,high,0.94,Gaba,high,1,GABA,high,1
16-3-7,395,0.79,Vip_Gaba,high,0.93,VIPGA2,high,0.92,VIPGA,high,0.98,Gaba,high,1,GABA,high,1
16-3-9,153,0.71,Vip_Gaba,high,0.81,VIPGA2,high,0.81,VIPGA,high,0.95,Gaba,high,0.99,GABA,high,0.99
16-4-1,1884,0.84,Lamp5_Gaba,high,0.94,LAMGA4,high,0.82,LAMGA,high,0.94,Gaba,high,1,GABA,high,1
16-4-2,389,0.86,Lamp5_Gaba,high,0.97,LAMGA6,high,0.94,LAMGA,high,0.97,Gaba,high,1,GABA,high,1
16-5-1,1153,0.85,Vip_Gaba,high,0.96,VIPGA4,high,0.95,VIPGA,high,0.97,Gaba,high,1,GABA,high,1
16-5-2,1050,0.86,Vip_Gaba,high,0.99,VIPGA4,high,0.91,VIPGA,high,0.99,Gaba,high,1,GABA,high,1
16-6-2,1001,0.83,Lamp5_Lhx6_Gaba,high,0.95,LAMGA3,high,0.95,LAMGA,high,0.99,Gaba,high,1,GABA,high,1
16-6-1,1085,0.81,Lamp5_Lhx6_Gaba,high,0.97,LAMGA3,high,0.97,LAMGA,high,0.98,Gaba,high,1,GABA,high,1
17-1-1,10270,0.98,VLMC_NN,high,1,VLMC1,high,0.92,VLMC,high,1,NN,high,1,NN,high,1
17-1-2,4202,0.99,VLMC_NN,high,1,VLMC1,high,0.87,VLMC,high,1,NN,high,1,NN,high,1
17-2-2,2647,0.98,VLMC_NN,high,1,VLMC4,high,0.88,VLMC,high,1,NN,high,1,NN,high,1
17-2-1,5738,0.96,VLMC_NN,high,1,VLMC3,high,0.81,VLMC,high,1,NN,high,1,NN,high,1
17-2-3,176,0.97,VLMC_NN,high,0.98,VLMC4,high,0.95,VLMC,high,0.98,NN,high,1,NN,high,1
17-3-1,3876,0.95,VLMC_NN,high,1,VLMC2,high,0.97,VLMC,high,1,NN,high,1,NN,high,1
17-3-2,3158,0.97,VLMC_NN,high,1,VLMC2,high,0.95,VLMC,high,1,NN,high,1,NN,high,1
17-3-3,1262,0.93,VLMC_NN,high,1,VLMC2,high,0.82,VLMC,high,1,NN,high,1,NN,high,1
17-4-2,1136,0.95,VLMC_NN,high,1,VLMC5,high,0.92,VLMC,high,1,NN,high,1,NN,high,1
17-4-1,1265,0.95,VLMC_NN,high,1,VLMC5,high,0.92,VLMC,high,1,NN,high,1,NN,high,1
17-5-1,171,0.41,VLMC_NN,high,0.85,VLMC6,high,0.7,VLMC,high,0.85,NN,high,0.86,NN,high,0.86
17-5-2,175,0.66,VLMC_NN,high,0.72,VLMC6,medium,0.7,VLMC,high,0.72,NN,high,1,NN,high,1
17-6-1,290,0.58,VLMC_NN,high,0.86,VLMC7,high,0.79,VLMC,high,0.86,NN,high,1,NN,high,1
17-7-1,375,0.76,VLMC_NN,high,0.75,VLMC6,high,0.75,VLMC,high,0.75,NN,high,1,NN,high,1
17-8-1,153,0.98,VLMC_NN,high,0.99,VLMC1,high,0.71,VLMC,high,0.99,NN,high,1,NN,high,1
17-8-3,93,0.92,ABC_NN,high,0.95,VPIA1,high,0.73,VPIA,high,0.95,NN,high,1,NN,high,1
17-8-2,102,0.97,VLMC_NN,high,0.99,VLMC2,high,0.85,VLMC,high,0.98,NN,high,1,NN,high,1
17-9-1,243,0.74,VLMC_NN,high,0.96,VLMC1,medium,0.42,VLMC,high,0.96,NN,high,1,NN,high,1
18-1-2,6436,0.94,CA1-ProS_Glut,high,0.91,CA1GL2,medium,0.49,CA1GL,high,0.91,Glut,high,1,GLUT,high,1
18-1-3,255,0.89,CA1-ProS_Glut,high,0.92,CA1GL4,high,0.92,CA1GL,high,0.92,Glut,high,1,GLUT,high,1
18-1-1,12191,0.97,CA1-ProS_Glut,high,1,CA1GL1,high,0.99,CA1GL,high,1,Glut,high,1,GLUT,high,1
18-2-1,5389,0.95,CA3_Glut,high,1,CA3GL1,high,1,CA3GL,high,1,Glut,high,1,GLUT,high,1
18-2-2,2863,0.92,CA3_Glut,high,1,CA3GL1,high,0.98,CA3GL,high,1,Glut,high,1,GLUT,high,1
18-3-1,1976,0.91,CA3_Glut,high,0.98,CA3GL2,high,0.97,CA3GL,high,0.98,Glut,high,1,GLUT,high,1
18-3-2,424,0.88,CA3_Glut,high,0.76,CA3GL2,high,0.71,CA3GL,high,0.98,Glut,high,1,GLUT,high,1
18-4-2,957,0.85,CA3_Glut,high,1,CA3GL6,high,0.97,CA3GL,high,1,Glut,high,1,GLUT,high,1
18-4-1,1371,0.94,CA3_Glut,high,0.99,CA3GL4,high,0.97,CA3GL,high,0.99,Glut,high,1,GLUT,high,1
18-5-2,896,0.87,SUB-ProS_Glut,high,0.96,CA1GL3,high,0.96,CA1GL,high,0.99,Glut,high,1,GLUT,high,1
18-5-1,957,0.86,SUB-ProS_Glut,high,0.99,CA1GL3,high,0.99,CA1GL,high,0.99,Glut,high,1,GLUT,high,1
18-6-3,110,0.81,CA3_Glut,high,0.98,CA3GL7,high,0.92,CA3GL,high,0.98,Glut,high,1,GLUT,high,1
18-6-2,189,0.9,CA3_Glut,high,1,CA3GL7,high,1,CA3GL,high,1,Glut,high,1,GLUT,high,1
18-6-1,186,0.88,CA3_Glut,high,1,CA3GL7,high,1,CA3GL,high,1,Glut,high,1,GLUT,high,1
18-6-4,72,0.89,CA3_Glut,high,1,CA3GL7,high,1,CA3GL,high,1,Glut,high,1,GLUT,high,1
19-1-2,3501,0.92,TH_Prkcd_Grin2c_Glut,high,1,THGL4,high,0.89,THGL,high,1,Glut,high,1,GLUT,high,1
19-1-1,3846,0.84,TH_Prkcd_Grin2c_Glut,high,1,THGL3,high,0.91,THGL,high,1,Glut,high,1,GLUT,high,1
19-2-5,821,0.8,TH_Prkcd_Grin2c_Glut,high,0.96,THGL14,high,0.78,THGL,high,1,Glut,high,1,GLUT,high,1
19-2-1,1676,0.93,TH_Prkcd_Grin2c_Glut,high,0.98,THGL2,high,0.85,THGL,high,1,Glut,high,1,GLUT,high,1
19-2-7,262,0.92,TH_Prkcd_Grin2c_Glut,high,0.96,THGL14,high,0.87,THGL,high,1,Glut,high,1,GLUT,high,1
19-2-4,856,0.79,TH_Prkcd_Grin2c_Glut,high,0.99,THGL13,high,0.96,THGL,high,1,Glut,high,1,GLUT,high,1
19-2-3,924,0.8,TH_Prkcd_Grin2c_Glut,high,0.86,THGL2,high,0.84,THGL,high,1,Glut,high,1,GLUT,high,1
19-2-2,1137,0.7,TH_Prkcd_Grin2c_Glut,high,0.99,THGL2,high,0.93,THGL,high,1,Glut,high,1,GLUT,high,1
19-2-8,120,0.93,TH_Prkcd_Grin2c_Glut,high,0.98,THGL2,high,0.98,THGL,high,1,Glut,high,1,GLUT,high,1
19-2-6,600,0.75,TH_Prkcd_Grin2c_Glut,medium,0.53,THGL2,medium,0.49,THGL,high,1,Glut,high,1,GLUT,high,1
19-3-1,5837,0.88,CM-IAD-CL-PCN_Glut,medium,0.49,THGL5,medium,0.49,THGL,high,1,Glut,high,1,GLUT,high,1
19-3-2,561,0.96,SPA-SPFp-PIL-PoT-SPFm-PVT_Glut,high,0.98,THGL15,high,0.89,THGL,high,0.91,Glut,high,1,GLUT,high,1
19-4-2,1199,0.81,TH_Prkcd_Grin2c_Glut,high,0.97,THGL11,high,0.92,THGL,high,1,Glut,high,1,GLUT,high,1
19-4-1,1649,0.93,CM-IAD-CL-PCN_Glut,high,0.97,THGL10,high,0.96,THGL,high,1,Glut,high,1,GLUT,high,1
19-5-4,295,0.93,SPA-SPFp-PIL-PoT-SPFm-PVT_Glut,high,0.94,SSPPSPGL2,high,0.93,THGL,high,0.94,Glut,high,0.98,GLUT,high,0.98
19-5-5,244,0.94,SPA-SPFp-PIL-PoT-SPFm-PVT_Glut,high,0.84,SSPPSPGL2,high,0.83,THGL,high,0.95,Glut,high,0.99,GLUT,high,0.99
19-5-2,672,0.89,RE-Xi-PR_Nox4_Glut,high,0.95,THGL8,high,0.95,THGL,high,1,Glut,high,1,GLUT,high,1
19-5-3,409,0.87,RE-Xi-PR_Nox4_Glut,high,0.97,THGL8,high,0.97,THGL,high,1,Glut,high,1,GLUT,high,1
19-5-1,1026,0.95,RE-Xi-PR_Nox4_Glut,high,0.97,THGL8,high,0.97,THGL,high,0.99,Glut,high,1,GLUT,high,1
19-6-1,1771,0.87,PF_Fzd5_Glut,high,0.95,PFGL1,high,0.95,THGL,high,0.96,Glut,high,0.98,GLUT,high,0.98
19-6-2,235,0.95,SPA-SPFp-PIL-PoT-SPFm-PVT_Glut,high,0.96,THGL15,medium,0.66,THGL,medium,0.68,Glut,high,0.98,GLUT,high,0.98
19-6-3,101,0.8,PF_Fzd5_Glut,high,1,PFGL1,high,1,THGL,high,1,Glut,high,1,GLUT,high,1
19-7-1,1034,0.94,AV_Col27a1_Glut,high,0.99,THGL9,high,0.99,THGL,high,1,Glut,high,1,GLUT,high,1
19-7-2,862,0.91,AV_Col27a1_Glut,high,0.99,THGL9,high,0.99,THGL,high,1,Glut,high,1,GLUT,high,1
19-8-1,548,0.92,TH_Prkcd_Grin2c_Glut,high,1,THGL17,high,1,THGL,high,1,Glut,high,1,GLUT,high,1
2-1-3,8525,0.91,PB-an-do_Evx2_Glut,low,0.18,Evx2PBGL1,low,0.17,MBHBGLGA1,medium,0.59,Glut,medium,0.5,GLUT,medium,0.51
2-1-1,23048,0.88,PCG-LDT-DTN-RPO-CS_Tox_Gaba,low,0.14,PLDRCGA1,low,0.14,MBHBGLGA1,high,0.83,Glut,medium,0.5,GLUT,medium,0.5
2-1-2,8884,0.82,PGRN-PARN-MDRN_Hoxb5_Glut,medium,0.45,MYGL1,medium,0.45,MBHBGLGA1,high,0.93,Glut,medium,0.57,GLUT,medium,0.58
2-1-4,3674,0.9,PAG_Dmrta2_Glut,high,0.74,UcnPAGGL1,high,0.74,MBHBGLGA1,high,0.92,Glut,high,0.92,GLUT,high,0.92
2-1-7,820,0.88,PB-an-do_Evx2_Glut,high,0.92,CUNPPNGL1,high,0.91,MBHBGLGA1,high,0.94,Glut,high,0.97,GLUT,high,0.97
2-1-5,2022,0.91,PH_Pitx2_Glut,high,0.89,STNPSTNGL1,high,0.89,MBHBGLGA1,high,0.96,Glut,high,0.99,GLUT,high,0.99
2-1-6,1400,0.91,PAG-MRN_Pou3f1_Glut,high,0.96,PAGMRNGL1,high,0.79,MBHBGLGA1,high,0.8,Glut,high,0.99,GLUT,high,0.99
2-10-8,515,0.91,COAa-PAA_Barhl2_Glut,high,0.81,COAPAAGL4,high,0.72,MSGA,high,0.72,Glut,high,0.87,GLUT,high,0.87
2-10-4,652,0.92,COAa-PAA_Barhl2_Glut,high,0.87,COAPAAGL2,high,0.87,AMYGAGL,high,0.97,Glut,high,1,GLUT,high,1
2-10-3,751,0.91,COAa-PAA_Barhl2_Glut,high,0.98,COAPAAGL3,high,0.98,AMYGAGL,high,0.99,Glut,high,1,GLUT,high,1
2-10-12,358,0.91,COAa-PAA_Barhl2_Glut,high,0.98,COAPAAGL2,high,0.97,AMYGAGL,high,0.99,Glut,high,0.99,GLUT,high,0.99
2-10-11,415,0.95,MEA-COA-BMA_Ccdc42_Glut,high,0.92,COAPAAGL1,high,0.85,AMYGAGL,high,0.98,Glut,high,0.98,GLUT,high,0.98
2-10-10,455,0.96,MEA-BST_Otp_Glut,high,0.7,OtpMEABSTGL1,high,0.7,HYGLGA,high,0.77,Glut,high,0.94,GLUT,high,0.94
2-10-5,644,0.91,MEA_Slc17a7_Glut,high,0.71,Slc17a7MEAGL1,medium,0.51,AMYGAGL,high,0.7,Glut,high,0.99,GLUT,high,1
2-10-7,586,0.94,MEA-COA-BMA_Ccdc42_Glut,high,0.75,COAPAAGL1,high,0.75,AMYGAGL,high,0.75,Glut,high,0.93,GLUT,high,0.93
2-10-2,1005,0.94,MEA-COA-BMA_Ccdc42_Glut,high,0.99,MCBGL1,high,0.97,AMYGAGL,high,0.99,Glut,high,1,GLUT,high,1
2-10-9,472,0.91,MEA-COA-BMA_Ccdc42_Glut,high,0.98,COAPAAGL1,high,0.89,AMYGAGL,high,1,Glut,high,0.98,GLUT,high,0.98
2-10-6,618,0.94,MEA_Otp_Glut,medium,0.69,OtpMEAGL1,medium,0.69,AMYGAGL,high,0.97,Glut,high,0.96,GLUT,high,0.96
2-10-1,1392,0.94,MEA-COA-BMA_Ccdc42_Glut,high,0.99,MCBGL2,high,0.96,AMYGAGL,high,0.99,Glut,high,1,GLUT,high,1
2-10-13,319,0.93,MEA-COA-BMA_Ccdc42_Glut,high,0.93,MCBGL2,medium,0.65,AMYGAGL,high,0.99,Glut,high,0.97,GLUT,high,0.97
2-11-3,750,0.91,APN_C1ql4_Glut,high,0.96,APNGL2,high,0.96,MBGL,high,0.97,Glut,high,0.99,GLUT,high,0.99
2-11-1,1021,0.93,APN_C1ql2_Glut,medium,0.64,APNGL1,medium,0.64,MBGL,high,0.95,Glut,high,0.98,GLUT,high,0.98
2-11-4,642,0.92,APN_C1ql2_Glut,high,0.99,APNGL1,high,0.99,MBGL,high,0.99,Glut,high,0.99,GLUT,high,0.99
2-11-2,768,0.88,MB-HB_Lhx1_Glut,high,0.78,MPGL1,medium,0.66,MBHBGLGA1,high,0.8,Glut,high,0.98,GLUT,high,0.98
2-11-6,531,0.85,SCig-ve_Pitx2_Glut,high,0.96,SCigveGL2,high,0.85,MBGA2,high,0.85,Glut,high,0.99,GLUT,high,0.99
2-11-5,596,0.87,SCig-ve_Pitx2_Glut,high,0.98,SCigveGL1,high,0.96,MBGL,high,0.96,Glut,high,0.99,GLUT,high,0.99
2-12-7,349,0.86,NDB-SI-ant_Prdm12_Gaba,high,0.71,MSGA10,high,0.71,MSGA,high,0.71,Gaba,high,0.97,GABA,high,0.99
2-12-8,316,0.92,LSX_Sall3_Pax6_Gaba,high,0.81,Sall3Pax6LSXGA3,high,0.81,LSXGA,high,0.82,Gaba,high,0.84,GABA,high,0.84
2-12-4,537,0.86,LSX_Sall3_Pax6_Gaba,medium,0.68,Sall3Pax6LSXGA1,medium,0.66,LSXGA,medium,0.69,Gaba,high,0.97,GABA,high,0.98
2-12-5,512,0.88,LSX_Sall3_Pax6_Gaba,medium,0.53,Sall3Pax6LSXGA1,medium,0.53,LSXGA,medium,0.54,Gaba,high,0.97,GABA,high,0.99
2-12-2,628,0.92,LSX_Sall3_Pax6_Gaba,high,0.98,Sall3Pax6LSXGA3,high,0.97,LSXGA,high,0.98,Gaba,high,1,GABA,high,1
2-12-6,389,0.88,LSX_Sall3_Pax6_Gaba,high,0.8,Sall3Pax6LSXGA1,high,0.75,LSXGA,high,0.94,Gaba,high,0.99,GABA,high,0.99
2-12-3,549,0.85,LSX_Otx2_Gaba,high,0.86,Otx2LSXGA2,high,0.83,LSXGA,high,0.94,Gaba,high,0.97,GABA,high,0.97
2-12-1,680,0.92,LSX_Sall3_Pax6_Gaba,high,0.98,Sall3Pax6LSXGA2,high,0.91,LSXGA,high,1,Gaba,high,1,GABA,high,1
2-12-9,163,0.89,LSX_Sall3_Pax6_Gaba,high,0.82,Sall3Pax6LSXGA1,high,0.79,LSXGA,high,0.94,Gaba,high,0.96,GABA,high,0.96
2-13-3,503,0.94,ZI_Pax6_Gaba,high,0.83,RmstZIGA2,high,0.72,MBHBGLGA1,high,0.78,Gaba,high,0.97,GABA,high,0.97
2-13-10,47,0.9,DMH_Hmx2_Gaba,high,0.91,Hmx2DMHGA2,high,0.91,HYGLGA,high,0.94,Gaba,high,0.98,GABA,high,0.98
2-13-6,352,0.93,ZI_Pax6_Gaba,medium,0.67,THGA1,medium,0.67,HYGLGA,medium,0.67,Gaba,high,0.96,GABA,high,0.96
2-13-2,634,0.95,ZI_Pax6_Gaba,medium,0.69,THGA1,medium,0.68,HYGLGA,high,0.72,Gaba,high,0.95,GABA,high,0.95
2-13-9,283,0.95,LHA_Pmch_Glut,high,0.82,PmchLHAGL1,high,0.82,MBGA2,high,0.82,Glut,high,0.84,GLUT,high,0.84
2-13-7,330,0.92,LGv_Otx2_Gaba,medium,0.58,RmstLGvGA1,medium,0.58,MBGA2,medium,0.59,Gaba,high,0.93,GABA,high,0.93
2-13-5,387,0.97,ZI_Pax6_Gaba,high,0.8,THGA1,medium,0.7,HYGLGA,high,0.71,Gaba,high,0.99,GABA,high,0.99
2-13-1,810,0.87,ZI_Pax6_Gaba,high,0.93,RmstZIGA2,high,0.92,MBHBGLGA1,high,0.99,Gaba,high,1,GABA,high,1
2-13-4,416,0.95,ZI_Pax6_Gaba,high,0.91,RmstZIGA1,high,0.88,MBHBGLGA1,high,0.88,Gaba,high,1,GABA,high,1
2-13-8,292,0.94,LGv_Otx2_Gaba,high,0.78,RmstLGvGA1,high,0.78,MBGA2,high,0.78,Gaba,high,0.9,GABA,high,0.9
2-14-2,1337,0.97,VMH_Fezf1_Glut,high,0.95,VMHGL1,high,0.95,HYGLGA,high,0.99,Glut,high,0.96,GLUT,high,0.96
2-14-1,1613,0.97,VMH_Fezf1_Glut,high,1,VMHGL1,high,1,HYGLGA,high,1,Glut,high,1,GLUT,high,1
2-14-3,722,0.98,VMH_Nr5a1_Glut,high,0.85,VMHGL2,high,0.85,HYGLGA,high,0.99,Glut,high,0.94,GLUT,high,0.96
2-14-4,487,0.96,VMH_Nr5a1_Glut,high,0.95,VMHGL2,high,0.95,HYGLGA,high,0.99,Glut,high,0.99,GLUT,high,0.99
2-15-1,3233,0.96,TRS_Sln_Glut,high,1,TRSGL1,high,1,STRGL,high,1,Glut,high,1,GLUT,high,1
2-15-2,253,0.96,TRS_Sln_Glut,high,0.98,TRSGL2,high,0.89,STRGL,high,0.99,Glut,high,0.99,GLUT,high,0.99
2-16-5,349,0.97,SCs_Dmbx1_Gaba,high,0.99,SCsGA1,high,0.92,MBGA2,high,1,Gaba,high,1,GABA,high,1
2-16-4,382,0.91,SCs_Dmbx1_Gaba,high,0.9,SCsGA11,high,0.9,MBGA2,high,0.91,Gaba,high,1,GABA,high,1
2-16-2,667,0.92,SCs_Dmbx1_Gaba,high,0.98,SCsGA7,high,0.95,MBGA2,high,0.99,Gaba,high,1,GABA,high,1
2-16-1,930,0.97,SCs_Dmbx1_Gaba,high,0.99,SCsGA2,high,0.97,MBGA2,high,1,Gaba,high,1,GABA,high,1
2-16-6,268,0.97,SCs_Dmbx1_Gaba,high,1,SCsGA10,high,0.95,MBGA2,high,1,Gaba,high,1,GABA,high,1
2-16-3,659,0.97,SCs_Dmbx1_Gaba,high,0.99,SCsGA8,high,0.96,MBGA2,high,1,Gaba,high,1,GABA,high,1
2-16-7,172,0.91,SCs_Dmbx1_Gaba,high,0.95,SCsGA10,high,0.95,MBGA2,high,0.97,Gaba,high,1,GABA,high,1
2-17-2,916,0.94,SCsg_Pde5a_Glut,high,0.99,SCsgGL2,high,0.97,MBGL,high,1,Glut,high,1,GLUT,high,1
2-17-3,597,0.92,SCsg_Pde5a_Glut,high,0.99,SCsgGL3,high,0.98,MBGL,high,0.99,Glut,high,1,GLUT,high,1
2-17-1,934,0.95,SCsg_Pde5a_Glut,high,0.99,SCsgGL1,high,0.99,MBGL,high,0.99,Glut,high,1,GLUT,high,1
2-17-4,583,0.94,SCsg_Pde5a_Glut,high,0.99,SCsgGL4,high,0.98,MBGL,high,1,Glut,high,1,GLUT,high,1
2-18-1,673,0.87,SCsg_Gabrr2_Gaba,high,0.98,SCsgGA2,high,0.96,MBGA1,high,0.98,Gaba,high,1,GABA,high,1
2-18-8,169,0.88,SCsg_Gabrr2_Gaba,high,1,SCsgGA1,high,0.83,MBGA1,high,1,Gaba,high,1,GABA,high,1
2-18-2,514,0.78,SCsg_Gabrr2_Gaba,high,0.98,SCsgGA1,high,0.95,MBGA1,high,0.98,Gaba,high,1,GABA,high,1
2-18-4,341,0.97,SCsg_Gabrr2_Gaba,high,0.97,SCsgGA4,high,0.88,MBGA1,high,0.99,Gaba,high,1,GABA,high,1
2-18-3,396,0.85,SCsg_Gabrr2_Gaba,high,0.99,SCsgGA3,high,0.94,MBGA1,high,0.99,Gaba,high,1,GABA,high,1
2-18-7,163,0.81,SCsg_Gabrr2_Gaba,high,0.98,SCsgGA1,high,0.95,MBGA1,high,0.98,Gaba,high,1,GABA,high,1
2-18-6,225,0.88,SCsg_Gabrr2_Gaba,high,0.95,SCsgGA5,high,0.91,MBGA1,high,0.96,Gaba,high,1,GABA,high,1
2-18-5,222,0.83,SCsg_Gabrr2_Gaba,high,0.98,SCsgGA1,high,0.91,MBGA1,high,0.99,Gaba,high,1,GABA,high,1
2-19-7,212,0.9,SCig_Tfap2b_Chrnb3_Glut,high,0.94,SCigGL4,high,0.94,MBGL,high,0.97,Glut,high,1,GLUT,high,1
2-19-9,146,0.91,SCig_Foxb1_Glut,high,0.93,SCigGL2,high,0.89,MBGL,high,0.97,Glut,high,0.99,GLUT,high,0.99
2-19-13,53,0.85,SPA-SPFp-PIL-PoT-SPFm-PVT_Glut,high,1,SSPPSPGL1,high,1,MBGL,high,1,Glut,high,1,GLUT,high,1
2-19-8,140,0.86,SCig_Foxb1_Glut,high,0.99,SCigGL1,high,0.99,MBGL,high,0.99,Glut,high,0.99,GLUT,high,0.99
2-19-3,347,0.92,SCig_Foxb1_Glut,high,0.83,SCigGL1,high,0.74,MBGL,high,0.89,Glut,high,1,GLUT,high,1
2-19-12,82,0.84,SPA-SPFp-PIL-PoT-SPFm-PVT_Glut,high,0.9,SSPPSPGL1,high,0.9,MBGL,high,0.96,Glut,high,0.98,GLUT,high,0.98
2-19-2,356,0.9,SCig_Foxb1_Glut,high,0.98,SCigGL1,high,0.96,MBGL,high,1,Glut,high,1,GLUT,high,1
2-19-1,383,0.91,SCig_Foxb1_Glut,high,0.98,SCigGL1,high,0.97,MBGL,high,1,Glut,high,1,GLUT,high,1
2-19-6,276,0.87,SCig_Tfap2b_Chrnb3_Glut,high,0.99,SCigGL4,high,0.99,MBGL,high,1,Glut,high,1,GLUT,high,1
2-19-4,311,0.92,SCig_Foxb1_Glut,high,0.99,SCigGL1,high,0.99,MBGL,high,1,Glut,high,1,GLUT,high,1
2-19-11,126,0.9,SCig_Foxb1_Glut,high,0.98,SCigGL2,high,0.94,MBGL,high,0.98,Glut,high,0.98,GLUT,high,0.98
2-19-5,295,0.92,SCig_Tfap2b_Chrnb3_Glut,high,0.99,SCigGL4,high,0.99,MBGL,high,0.99,Glut,high,1,GLUT,high,1
2-19-10,135,0.92,SCig_Foxb1_Glut,high,1,SCigGL1,high,1,MBGL,high,1,Glut,high,1,GLUT,high,1
2-2-21,680,0.85,STRv_Lhx8_Gaba,high,0.95,Lhx8STRvGA1,high,0.94,MBHBGLGA2,high,0.96,Gaba,high,1,GABA,high,1
2-2-6,1682,0.93,PVR_Six3_Gaba,high,0.84,PVRGA1,high,0.84,HYGLGA,high,0.91,Gaba,high,0.98,GABA,high,0.98
2-2-9,1579,0.97,MEA-BST_Lhx6_Zfhx3_Gaba,high,0.93,Lhx6MEABSTGA1,high,0.93,HYGLGA,high,0.95,Gaba,high,1,GABA,high,1
2-2-13,1297,0.97,ARH_Tbx3_Glut,high,0.72,ARHGL1,high,0.72,HYGLGA,high,0.99,Gaba;Glut,high,0.72,GLUT,high,0.74
2-2-7,1651,0.96,MPO-LPO_Lhx8_Gaba,high,0.9,MPOLPOGA1,high,0.9,HYGLGA,high,0.93,Gaba,high,0.99,GABA,high,0.99
2-2-16,1209,0.97,ARH-DMH-LHA_Gsx1_Gaba,high,0.81,ADLGA1,high,0.81,HYGLGA,high,0.99,Gaba,high,0.99,GABA,high,0.99
2-2-5,1529,0.84,PVa-ARH_Six3_Gaba,low,0.36,PVARHGA1,low,0.36,HYGLGA,high,0.71,Gaba,high,0.76,GABA,high,0.77
2-2-14,1221,0.95,ARH-DMH-LHA_Gsx1_Gaba,low,0.35,ADLGA1,low,0.35,HYGLGA,medium,0.61,Gaba,high,0.96,GABA,high,0.96
2-2-3,2068,0.95,MEA-BST_Avp_Gaba,medium,0.51,AvpMEABSTGA1,medium,0.51,HYGLGA,high,0.76,Gaba,high,0.96,GABA,high,0.96
2-2-17,1135,0.94,PVH-PVi_Six3_Prox1_Gaba,high,0.81,HYGA1,medium,0.64,MBHBGLGA2,medium,0.67,Gaba,high,0.98,GABA,high,0.98
2-2-18,1031,0.95,MPO-LPO_Lhx8_Gaba,high,0.79,MPOLPOGA1,medium,0.66,HYGLGA,medium,0.69,Gaba,high,0.94,GABA,high,0.94
2-2-19,858,0.95,PVR_Six3_Gaba,medium,0.58,PVRGA1,medium,0.58,HYGLGA,high,0.71,Gaba,high,0.88,GABA,high,0.88
2-2-11,1325,0.97,PVpo-VMPO-MPN_Hmx2_Gaba,high,0.78,Hmx2DMHGA1,high,0.78,HYGLGA,high,0.99,Gaba,high,0.94,GABA,high,0.94
2-2-1,2431,0.97,AHN_Onecut3_Gaba,high,0.8,AHNGA1,high,0.8,HYGLGA,high,0.92,Gaba,high,0.95,GABA,high,0.95
2-2-8,1611,0.97,PVpo-VMPO-MPN_Hmx2_Gaba,high,0.85,Hmx2DMHGA1,high,0.85,HYGLGA,high,0.89,Gaba,high,1,GABA,high,1
2-2-15,1181,0.93,MEA-BST_Lhx6_Nfib_Gaba,medium,0.5,Lhx6MEABSTGA3,medium,0.47,MBHBGLGA2,medium,0.47,Gaba,high,1,GABA,high,1
2-2-12,1303,0.97,DMH_Hmx2_Gaba,medium,0.66,Hmx2DMHGA3,medium,0.6,HYGLGA,high,0.72,Gaba,high,0.95,GABA,high,0.95
2-2-2,2202,0.96,PVH-PVi_Six3_Prox1_Gaba,medium,0.5,Six3PVHPViGA1,medium,0.5,HYGLGA,high,0.82,Gaba,high,1,GABA,high,1
2-2-26,322,0.93,MB-HB_Lhx1_Glut,high,0.91,MPGL1,high,0.91,MBHBGLGA1,high,0.91,Glut,high,0.91,GLUT,high,0.92
2-2-22,677,0.97,BST_Tac2_Gaba,high,0.89,BSTGA4,high,0.89,HYGLGA,high,0.93,Gaba,high,0.99,GABA,high,0.99
2-2-10,1410,0.98,PVa-ARH_Six3_Gaba,medium,0.66,PVARHGA1,medium,0.66,HYGLGA,high,0.97,Gaba,high,1,GABA,high,1
2-2-4,1826,0.96,DMH_Hmx2_Gaba,high,0.88,Hmx2DMHGA3,medium,0.63,HYGLGA,high,0.9,Gaba,high,0.93,GABA,high,0.97
2-2-20,801,0.95,DMH_Prdm13_Gaba,high,0.92,Nkx2-4DMHGA1,high,0.92,HYGLGA,high,0.96,Gaba,high,0.99,GABA,high,0.99
2-2-25,381,0.97,DMH-LHA_Vgll2_Glut,high,0.97,DMHLHAGL1,high,0.97,HYGLGA,high,0.99,Glut,high,0.97,GLUT,high,0.97
2-2-23,672,0.96,DMH_Prdm13_Gaba,medium,0.61,Nkx2-4DMHGA1,medium,0.61,HYGLGA,high,0.97,Gaba,high,0.99,GABA,high,0.99
2-2-24,497,0.96,ARH_Tbx3_Glut,high,0.98,ARHGL1,high,0.98,HYGLGA,high,0.99,Gaba;Glut,high,0.98,GLUT,high,0.98
2-20-20,54,0.84,SPVI-SPVC_Mafa_Glut,medium,0.54,SPVSPVGL1,medium,0.54,HBGAGL,medium,0.54,Glut,medium,0.65,GLUT,medium,0.65
2-20-17,67,0.79,VCO-PSV-SOCl_Mafa_Meis2_Glut,high,0.91,HBPMGL1,high,0.91,HBGAGL,high,0.91,Glut,high,0.99,GLUT,high,0.99
2-20-7,136,0.91,PB-an-do_Evx2_Glut,high,0.71,Lmx1aPBGL1,high,0.71,MBHBGLGA1,high,0.75,Glut,high,0.99,GLUT,high,0.99
2-20-19,69,0.87,NLL_Gata3_Gly-Gaba,high,0.99,NLLGLYGA2,high,0.99,MBHBGLGA1,high,0.99,Gaba;Gly,high,0.99,GABA,high,0.99
2-20-5,152,0.8,VCO-PSV-SOCl_Mafa_Meis2_Glut,high,0.81,HBPMGL1,high,0.81,HBGAGL,high,0.98,Glut,high,0.99,GLUT,high,0.99
2-20-3,197,0.91,NLL_Gata3_Gly-Gaba,high,0.82,NLLGLYGA2,high,0.82,MBHBGLGA1,high,0.95,Gaba;Gly,high,0.82,GABA,high,0.99
2-20-21,41,0.82,SPVI-SPVC_Mafa_Glut,high,0.8,SPVSPVGL1,high,0.8,HBGAGL,high,0.83,Glut,high,1,GLUT,high,1
2-20-2,190,0.86,SPVO_Mafa_Meis2_Glut,high,0.89,SPVOGL1,high,0.89,HBGAGL,high,0.9,Glut,high,0.99,GLUT,high,0.99
2-20-11,97,0.7,NLL_Gata3_Gly-Gaba,high,0.93,NLLGLYGA1,high,0.93,HBGAGL,high,0.93,Gaba;Gly,high,0.94,GABA,high,0.97
2-20-4,177,0.82,NLL_Gata3_Gly-Gaba,high,0.91,PGLYGA1,high,0.91,HBGAGL,high,0.92,Gaba;Gly,high,0.93,GABA,high,0.99
2-20-9,113,0.78,VCO-PSV-SOCl_Mafa_Meis2_Glut,high,0.97,VPSGL1,high,0.97,HBGAGL,high,0.98,Glut,high,1,GLUT,high,1
2-20-14,88,0.81,NLL_Gata3_Gly-Gaba,high,1,NLLGLYGA3,high,0.82,HBGAGL,high,0.82,Gaba;Gly,high,1,GABA,high,1
2-20-15,75,0.7,VCO-PSV-SOCl_Mafa_Meis2_Glut,high,0.93,VPSGL2,high,0.93,HBGAGL,high,0.95,Glut,high,1,GLUT,high,1
2-20-12,128,0.93,NLL_Gata3_Gly-Gaba,high,0.97,NLLGLYGA5,high,0.95,HBGAGL,high,0.97,Gaba;Gly,high,0.97,GABA,high,0.99
2-20-13,119,0.89,NLL_Gata3_Gly-Gaba,high,0.95,NLLGLYGA4,high,0.94,HBGAGL,high,0.94,Gaba;Gly,high,0.95,GABA,high,0.98
2-20-8,120,0.82,NLL_Gata3_Gly-Gaba,high,0.97,NLLGLYGA3,high,0.97,HBGAGL,high,0.99,Gaba;Gly,high,0.97,GABA,high,0.97
2-20-10,113,0.81,NLL_Gata3_Gly-Gaba,high,0.97,NLLGLYGA1,high,0.97,HBGAGL,high,0.97,Gaba;Gly,high,0.97,GABA,high,0.98
2-20-1,197,0.81,VCO-PSV-SOCl_Mafa_Meis2_Glut,high,0.97,HBPMGL2,high,0.97,HBGAGL,high,0.99,Glut,high,1,GLUT,high,1
2-20-16,85,0.83,NLL_Gata3_Gly-Gaba,medium,0.56,NLLGLYGA4,medium,0.56,HBGAGL,medium,0.56,Gaba;Gly,medium,0.58,GABA,high,0.89
2-20-6,158,0.84,MB-HB_Lhx1_Glut,medium,0.49,HBGL1,medium,0.49,HBGAGL,medium,0.5,Glut,medium,0.51,GLUT,medium,0.51
2-20-18,63,0.78,VCO-PSV-SOCl_Mafa_Meis2_Glut,high,0.98,VPSGL1,high,0.98,HBGAGL,high,0.98,Glut,high,1,GLUT,high,1
2-21-1,1317,0.79,SNc-VTA-RAmb_Foxa1_Dopa,high,0.99,SVRDOPA1,medium,0.41,MBDOP,high,0.99,Dopa,high,0.96,GABA,high,0.96
2-21-2,754,0.89,SNc-VTA-RAmb_Foxa1_Dopa,high,0.94,SVRDOPAGL1,low,0.28,MBDOP,high,0.94,Glut;Dopa,medium,0.54,GLUT,medium,0.58
2-22-2,470,0.98,SCH_Gaba,high,0.98,SCHGA1,high,0.98,HYGLGA,high,1,Gaba,high,0.99,GABA,high,0.99
2-22-5,190,0.99,SCH_Gaba,high,0.9,SCHGA1,high,0.9,HYGLGA,high,1,Gaba,high,0.99,GABA,high,0.99
2-22-4,260,0.97,SCH_Gaba,high,0.99,SCHGA1,high,0.99,HYGLGA,high,1,Gaba,high,1,GABA,high,1
2-22-3,276,0.98,SCH_Gaba,high,0.96,SCHGA1,high,0.96,HYGLGA,high,1,Gaba,high,1,GABA,high,1
2-22-1,596,0.99,SCH_Gaba,high,0.91,SCHGA1,high,0.91,HYGLGA,high,0.99,Gaba,high,0.99,GABA,high,0.99
2-23-1,1075,0.92,PSV_Glut,high,0.98,PSVGL1,medium,0.61,HBGAGL,high,0.98,Glut,high,0.99,GLUT,high,0.99
2-23-2,370,0.89,PSV_Glut,high,0.74,PSVGL3,medium,0.64,HBGAGL,high,0.74,Glut,high,0.98,GLUT,high,0.98
2-24-2,602,0.86,PAL-STR_Gaba-Chol,high,0.97,PALSTRCHOLGA2,high,0.97,MSGA,high,0.98,Gaba;Chol,high,0.97,GABA,high,1
2-24-1,662,0.92,PAL-STR_Gaba-Chol,high,0.97,PALSTRCHOLGA1,high,0.96,MSGA,high,0.98,Gaba;Chol,high,0.97,GABA,high,1
2-25-3,148,0.83,IPN_Otp_Crisp1_Gaba,high,1,IPNGA1,high,1,MBHBGLGA1,high,1,Gaba,high,1,GABA,high,1
2-25-2,174,0.87,CLI-IF-IPN-DTN-PCG_Otp_Pax3_Gaba,high,0.91,CIIDPGA1,high,0.91,MBHBGLGA1,high,0.97,Gaba,high,0.99,GABA,high,0.99
2-25-5,104,0.83,CLI-IF-IPN-DTN-PCG_Otp_Pax3_Gaba,high,0.99,CIIDPGA1,high,0.99,MBHBGLGA1,high,0.99,Gaba,high,1,GABA,high,1
2-25-8,62,0.91,IPN_Otp_Crisp1_Gaba,high,1,IPNGA1,high,1,MBHBGLGA1,high,1,Gaba,high,1,GABA,high,1
2-25-1,261,0.96,CLI-IF-IPN-DTN-PCG_Otp_Pax3_Gaba,high,0.99,CIIDPGA1,high,0.99,MBHBGLGA1,high,0.99,Gaba,high,1,GABA,high,1
2-25-7,93,0.88,IPN_Otp_Crisp1_Gaba,high,0.97,IPNGA1,high,0.97,MBHBGLGA1,high,0.98,Gaba,high,0.98,GABA,high,0.98
2-25-6,100,0.86,CLI-IF-IPN-DTN-PCG_Otp_Pax3_Gaba,high,0.99,CIIDPGA1,high,0.97,MBHBGLGA1,high,0.97,Gaba,high,1,GABA,high,1
2-25-9,50,0.96,CLI-IF-IPN-DTN-PCG_Otp_Pax3_Gaba,high,1,CIIDPGA1,high,0.98,MBHBGLGA1,high,0.98,Gaba,high,1,GABA,high,1
2-25-4,119,0.82,CLI-IF-IPN-DTN-PCG_Otp_Pax3_Gaba,high,1,CIIDPGA1,high,1,MBHBGLGA1,high,1,Gaba,high,1,GABA,high,1
2-26-3,204,0.86,HPF_CR_Glut,high,0.8,HPFCRGL1,high,0.79,STRGL,high,0.84,Glut,high,0.99,GLUT,high,0.99
2-26-4,138,0.85,MOB_Eomes_Ms4a15_Glut,high,0.71,MOBGL1,high,0.71,ITENTPIRGL2,high,0.73,Glut,high,0.77,GLUT,high,0.77
2-26-5,70,0.75,MOB_Eomes_Ms4a15_Glut,medium,0.4,MOBGL1,medium,0.4,ITENTPIRGL2,medium,0.49,Glut,high,0.89,GLUT,high,0.89
2-26-2,200,0.82,MOB_Eomes_Ms4a15_Glut,high,0.94,MOBGL1,high,0.94,ITENTPIRGL2,high,0.94,Glut,high,0.98,GLUT,high,0.98
2-26-1,425,0.96,BST-po_Glut,high,0.98,BSTGL1,high,0.98,STRGL,high,0.99,Glut,high,0.99,GLUT,high,0.99
2-27-2,254,0.99,PVH-PVHd-SO_Otp_Glut,high,0.96,PPSGL2,high,0.95,HYGLGA,high,0.96,Glut,high,0.98,GLUT,high,0.98
2-27-3,246,0.98,PVH-PVHd-SO_Otp_Glut,high,0.94,PPSGL1,high,0.9,HYGLGA,high,0.97,Glut,high,0.94,GLUT,high,0.94
2-27-4,216,0.99,PVH-PVHd-SO_Otp_Glut,high,0.99,PPSGL1,high,0.99,HYGLGA,high,0.99,Glut,high,0.99,GLUT,high,0.99
2-27-1,404,0.97,PVH-PVHd-SO_Otp_Glut,high,0.95,PPSGL1,high,0.95,HYGLGA,high,0.95,Glut,high,0.96,GLUT,high,0.96
2-28-2,173,0.9,IO_Glut,high,0.99,IOGL1,high,0.99,MYGL,high,0.99,Glut,high,1,GLUT,high,1
2-28-1,299,0.87,IO_Glut,high,0.98,IOGL1,high,0.98,MYGL,high,0.98,Glut,high,1,GLUT,high,1
2-29-1,280,0.78,MOB-out_Frmd7_Gaba,high,0.99,RSPGL7,high,0.99,MBGA1,high,0.99,Glut,high,0.99,GLUT,high,0.99
2-29-2,74,0.58,MPT-NOT-PPT_Mecom_Gaba,high,0.72,MNPGA1,high,0.72,MBHBGLGA1,high,0.72,Gaba,high,0.97,GABA,high,0.97
2-3-16,595,0.9,SCig_Foxb1_Glut,high,0.9,SCigGL3,high,0.85,MBGL,high,0.99,Glut,high,0.99,GLUT,high,0.99
2-3-9,1024,0.89,IC_Tfap2d_Maf_Glut,medium,0.64,ICGL7,medium,0.54,ICGL,medium,0.64,Glut,high,1,GLUT,high,1
2-3-4,1101,0.9,SCig_Foxb1_Glut,high,0.98,SCigGL2,high,0.91,MBGL,high,0.98,Glut,high,0.99,GLUT,high,0.99
2-3-7,1073,0.91,PAG-PRT_Tcf7l2_Glut,medium,0.44,PAGPRTGL1,medium,0.44,MBGL,high,0.91,Glut,high,0.97,GLUT,high,0.97
2-3-3,1139,0.9,SCdg_Pou4f1_Glut,high,0.73,SCdgGL4,high,0.73,MBGL,high,0.74,Glut,high,0.98,GLUT,high,0.99
2-3-2,1157,0.91,SCdg-ve_Tfap2b_Glut,high,0.77,SCdgveGL1,high,0.77,MBGL,high,0.84,Glut,high,0.96,GLUT,high,0.97
2-3-22,291,0.93,SCdg_Pou4f1_Glut,high,0.82,SCdgGL3,high,0.82,MBGL,high,0.94,Glut,high,0.99,GLUT,high,0.99
2-3-6,1101,0.92,SCdg_Pou4f2_Glut,high,0.94,SCdgGL1,high,0.94,MBGL,high,1,Glut,high,1,GLUT,high,1
2-3-24,219,0.9,PB-an-do_Evx2_Glut,high,0.93,CUNPPNGL1,high,0.92,MBHBGLGA1,high,0.94,Glut,high,0.99,GLUT,high,0.99
2-3-10,908,0.94,SCdg-ve_Pou4f1_Glut,high,0.85,SCdgGL6,high,0.85,MBGL,high,0.9,Glut,high,0.97,GLUT,high,0.97
2-3-8,1070,0.92,SCdg_Pou4f2_Mesi2_Glut,medium,0.68,SCdgGL7,medium,0.67,MBGL,high,0.98,Glut,high,0.99,GLUT,high,0.99
2-3-15,628,0.92,SCdg_Pou4f1_Glut,high,0.94,SCdgGL4,high,0.93,MBGL,high,0.95,Glut,high,0.99,GLUT,high,0.99
2-3-5,1117,0.93,SCdg_Pou4f1_Ebf2_Glut,high,0.96,SCdgGL2,high,0.96,MBGL,high,0.97,Glut,high,0.98,GLUT,high,0.98
2-3-12,717,0.9,SCig_Foxb1_Glut,medium,0.64,SCigGL3,medium,0.64,MBGL,high,0.99,Glut,high,0.99,GLUT,high,0.99
2-3-11,846,0.9,SCdg_Tfap2b_Glut,high,0.93,SCdgGL8,high,0.93,MBGL,high,0.99,Glut,high,0.99,GLUT,high,0.99
2-3-18,565,0.94,SCdg_Pou4f1_Ebf2_Glut,high,0.88,SCdgGL2,high,0.88,MBGL,high,0.88,Glut,high,0.9,GLUT,high,0.9
2-3-19,538,0.92,SCdg_Pou4f2_Mesi2_Glut,high,0.95,SCdgGL7,high,0.72,MBGL,high,0.96,Glut,high,0.97,GLUT,high,0.97
2-3-23,263,0.9,SCig_Foxb1_Glut,high,0.97,SCigGL6,high,0.95,MBGL,high,0.97,Glut,high,0.98,GLUT,high,0.98
2-3-13,651,0.88,SCdg_Pou4f2_Glut,high,0.95,SCdgGL1,high,0.95,MBGL,high,0.98,Glut,high,0.99,GLUT,high,0.99
2-3-20,443,0.94,SCdg_Pou4f1_Glut,high,0.79,SCdgGL3,high,0.78,MBGL,high,0.79,Glut,high,0.98,GLUT,high,0.98
2-3-21,403,0.95,SCdg_Pou4f2_Glut,high,0.99,SCdgGL11,high,0.98,MBGL,high,1,Glut,high,1,GLUT,high,1
2-3-1,1273,0.92,SCdg_Pou4f2_Mesi2_Glut,high,0.97,SCdgGL5,high,0.97,MBGL,high,0.99,Glut,high,1,GLUT,high,1
2-3-17,514,0.81,SCop_Sln_Glut,high,1,SCopGL2,high,1,MBGL,high,1,Glut,high,1,GLUT,high,1
2-3-14,650,0.93,SCig_Foxb1_Glut,high,0.98,SCigGL5,high,0.97,MBGL,high,0.99,Glut,high,0.99,GLUT,high,0.99
2-3-25,147,0.86,SCig_Foxb1_Glut,high,0.97,SCigGL7,high,0.95,MBGL,high,0.99,Glut,high,1,GLUT,high,1
2-4-20,414,0.91,LGv-SPFp-SPFm_Gata3_Gaba,high,0.83,LSSGA1,high,0.83,MBGA2,high,0.91,Gaba,high,0.93,GABA,high,0.94
2-4-5,672,0.9,PRT_Tcf7l2_Gaba,medium,0.64,PRTGA3,medium,0.61,MBGA2,medium,0.65,Gaba,high,0.99,GABA,high,0.99
2-4-26,365,0.96,PRT_Tcf7l2_Gaba,medium,0.57,PRTGA2,medium,0.56,MBGA2,medium,0.6,Gaba,high,0.96,GABA,high,0.96
2-4-17,501,0.94,PRT_Tcf7l2_Gaba,high,0.98,PRTGA1,high,0.98,MBGA2,high,0.98,Gaba,high,1,GABA,high,1
2-4-23,376,0.91,PRT_Tcf7l2_Gaba,high,0.9,MNPGA3,high,0.87,MBGA2,high,0.92,Gaba,high,0.99,GABA,high,0.99
2-4-14,504,0.9,ND-PCG_Gata3_Lhx1_Gaba,high,0.91,Nkx2-2PAGGA1,high,0.88,MBHBGLGA1,high,0.91,Gaba,high,0.97,GABA,high,0.97
2-4-24,341,0.84,ND-PCG_Gata3_Lhx1_Gaba,high,0.87,RNMRNGA1,high,0.87,MBHBGLGA1,high,0.89,Gaba,high,1,GABA,high,1
2-4-30,309,0.92,PRT_Tcf7l2_Gaba,high,0.99,MNPGA3,high,0.97,MBGA2,high,0.99,Gaba,high,1,GABA,high,1
2-4-2,974,0.91,ND-PCG_Gata3_Lhx1_Gaba,high,0.88,RNMRNGA1,high,0.81,MBHBGLGA1,high,0.84,Gaba,high,0.99,GABA,high,0.99
2-4-4,798,0.89,SCs_Dmbx1_Gaba,high,0.72,SCsGA1,high,0.72,MBGA2,high,0.99,Gaba,high,1,GABA,high,1
2-4-28,310,0.9,ND-PCG_Gata3_Lhx1_Gaba,medium,0.46,RNMRNGA1,medium,0.45,MBHBGLGA1,medium,0.53,Gaba,high,0.99,GABA,high,0.99
2-4-27,338,0.94,MPT-NOT-PPT_Mecom_Gaba,medium,0.49,MNPGA1,medium,0.48,MBHBGLGA1,medium,0.53,Gaba,high,1,GABA,high,1
2-4-34,193,0.95,PRT_Tcf7l2_Gaba,high,0.78,PRTGA1,high,0.78,MBGA2,high,0.78,Gaba,high,0.99,GABA,high,0.99
2-4-13,549,0.94,SC_Otx2_Gcnt4_Gaba,high,0.98,SCGA5,high,0.98,MBGA2,high,0.99,Gaba,high,1,GABA,high,1
2-4-11,582,0.92,ND-PCG_Gata3_Lhx1_Gaba,high,0.86,Nkx2-2PAGGA1,medium,0.69,MBHBGLGA1,high,0.82,Gaba,high,0.98,GABA,high,0.98
2-4-8,649,0.92,ND-PCG_Gata3_Lhx1_Gaba,high,0.94,RNMRNGA1,high,0.94,MBHBGLGA1,high,0.96,Gaba,high,1,GABA,high,1
2-4-16,462,0.85,ND-PCG_Gata3_Lhx1_Gaba,high,0.76,Nkx2-2PAGGA1,high,0.71,MBHBGLGA1,high,0.77,Gaba,high,0.94,GABA,high,0.94
2-4-29,276,0.81,PCG-CUN-MRN_Pax5_Cdh23_Gaba,high,0.92,SVPGA1,high,0.92,MBHBGLGA1,high,0.93,Gaba,high,1,GABA,high,1
2-4-9,590,0.9,IC_Six3_En2_Gaba,high,0.74,ICGA1,high,0.74,MBGA2,high,0.76,Gaba,high,0.98,GABA,high,0.99
2-4-25,373,0.95,ND-PCG_Gata3_Lhx1_Gaba,high,0.94,RNMRNGA1,high,0.94,MBHBGLGA1,high,0.95,Gaba,high,1,GABA,high,1
2-4-12,528,0.9,ND-PCG_Gata3_Lhx1_Gaba,high,0.77,RNGA2,high,0.71,MBGA2,high,0.93,Gaba,high,0.99,GABA,high,0.99
2-4-6,548,0.74,PCG-CUN-MRN_Pax5_Cdh23_Gaba,high,0.99,SVPGA1,high,0.99,MBHBGLGA1,high,1,Gaba,high,1,GABA,high,1
2-4-19,429,0.9,ND-PCG_Gata3_Lhx1_Gaba,high,0.94,NDPCGGA1,medium,0.6,MBGA2,medium,0.62,Gaba,high,0.97,GABA,high,0.97
2-4-1,914,0.84,MB-MY_Glut-Sero,high,0.98,MMSERO1,high,0.98,MBHBGLGA1,high,0.98,Sero,high,0.98,GLUT,high,0.98
2-4-7,654,0.92,ND-PCG_Gata3_Lhx1_Gaba,medium,0.64,RNMRNGA1,medium,0.63,MBHBGLGA1,high,0.91,Gaba,high,1,GABA,high,1
2-4-15,514,0.92,PCG-CUN-MRN_Pax5_Cdh23_Gaba,high,0.81,SVPGA1,high,0.81,MBHBGLGA1,high,0.84,Gaba,high,1,GABA,high,1
2-4-21,420,0.94,SC_Tnnt1_Gli3_Gaba,high,0.98,Tnnt1SCGA3,high,0.95,MBGA1,high,0.99,Gaba,high,1,GABA,high,1
2-4-22,325,0.78,IC_Six3_En2_Gaba,high,0.96,ICGA1,high,0.96,MBGA2,high,0.96,Gaba,high,0.98,GABA,high,0.98
2-4-18,467,0.95,SC_Tnnt1_Gli3_Gaba,high,0.99,Tnnt1SCGA2,high,0.99,MBGA1,high,0.99,Gaba,high,1,GABA,high,1
2-4-33,217,0.96,SCs_Dmbx1_Gaba,high,0.95,SCsGA12,high,0.94,MBGA2,high,0.97,Gaba,high,1,GABA,high,1
2-4-3,719,0.74,SNr_Six3_Gaba,high,0.99,SNrGA1,high,0.99,MBHBGLGA1,high,0.99,Gaba,high,1,GABA,high,1
2-4-32,258,0.95,SC_Tnnt1_Gli3_Gaba,high,0.95,Tnnt1SCGA1,high,0.95,MBGA1,high,0.96,Gaba,high,1,GABA,high,1
2-4-31,292,0.9,ND-PCG_Gata3_Lhx1_Gaba,high,0.98,RNMRNGA1,high,0.98,MBHBGLGA1,high,1,Gaba,high,1,GABA,high,1
2-4-10,573,0.9,MB-MY_Glut-Sero,high,0.87,MMSERO1,high,0.87,MBHBGLGA1,high,0.88,Sero,high,0.87,GLUT,high,0.88
2-5-24,320,0.94,AAA-BST_Six3_Meis2_Gaba,high,0.93,AAABSTGA1,high,0.93,AMYGAGL,high,0.94,Gaba,high,1,GABA,high,1
2-5-9,642,0.93,ACB-BST-FS_D1_Gaba,medium,0.44,SMNGA1,medium,0.41,HYGLGA,medium,0.55,Gaba,high,0.99,GABA,high,0.99
2-5-8,648,0.91,ACB-BST-FS_D1_Gaba,high,0.92,SMNGA1,high,0.89,HYGLGA,high,0.9,Gaba,high,1,GABA,high,1
2-5-10,559,0.88,CEA-AAA-BST_Ebf1_Gaba,medium,0.5,Ebf1CABGA1,medium,0.48,AMYGAGL,high,0.96,Gaba,high,0.97,GABA,high,0.98
2-5-20,368,0.91,MEA-BST_Lhx6_Nr2e1_Gaba,high,0.8,Lhx6MEABSTGA4,high,0.8,MSGA,high,0.8,Gaba,high,1,GABA,high,1
2-5-5,817,0.92,AAA-BST_Six3_Meis2_Gaba,medium,0.6,AAABSTGA2,medium,0.5,AMYGAGL,high,0.99,Gaba,high,0.99,GABA,high,0.99
2-5-19,388,0.96,ACB-BST-FS_D1_Gaba,medium,0.56,SMNGA1,medium,0.56,HYGLGA,medium,0.59,Gaba,high,0.74,GABA,high,0.74
2-5-27,192,0.89,ACB-BST-FS_D1_Gaba,high,0.89,ABFGA1,high,0.88,AMYGAGL,high,0.97,Gaba,high,0.99,GABA,high,0.99
2-5-17,389,0.95,PVHd_Gsc_Gaba,medium,0.51,GscPVHdGA1,medium,0.51,HYGLGA,medium,0.51,Gaba,high,0.71,GABA,high,0.72
2-5-2,1077,0.93,AAA-BST_Six3_Meis2_Gaba,high,0.93,AAABSTGA1,high,0.91,AMYGAGL,high,0.98,Gaba,high,0.99,GABA,high,0.99
2-5-15,439,0.93,CEA-BST_Crh_Gaba,high,0.7,CrhCEABSTGA1,high,0.7,AMYGAGL,high,0.72,Gaba,high,0.99,GABA,high,0.99
2-5-7,759,0.94,GPe_Sox6_Cyp26b1_Gaba,high,0.97,GPeGA1,high,0.97,MSGA,high,0.97,Gaba,high,1,GABA,high,1
2-5-21,373,0.93,FS_Mgp_Gaba,medium,0.5,FSGA1,medium,0.5,AMYGAGL,high,0.85,Gaba,high,0.96,GABA,high,0.96
2-5-28,120,0.9,AAA-BST_Six3_Meis2_Gaba,high,0.82,AAABSTGA3,high,0.76,AMYGAGL,high,0.9,Gaba,high,0.99,GABA,high,1
2-5-4,907,0.94,MEA-BST_Sox6_Gaba,high,0.79,Sox6MEABSTGA1,high,0.78,AMYGAGL,high,0.82,Gaba,high,0.98,GABA,high,0.98
2-5-13,535,0.95,MEA-BST_Lhx6_Sp9_Gaba,high,0.78,Lhx6MEAGA1,high,0.78,AMYGAGL,high,0.92,Gaba,high,0.97,GABA,high,0.97
2-5-12,553,0.93,AAA-BST_Six3_Meis2_Gaba,medium,0.6,AAABSTGA2,medium,0.59,AMYGAGL,medium,0.68,Gaba,high,0.99,GABA,high,0.99
2-5-3,939,0.89,CEA-AAA-BST_Six3_Cyp26b1_Gaba,high,0.98,Six3CABGA1,high,0.98,AMYGAGL,high,0.99,Gaba,high,0.99,GABA,high,0.99
2-5-1,1234,0.93,CEA-AAA-BST_Ebf1_Gaba,high,0.96,Ebf1CABGA1,high,0.96,AMYGAGL,high,0.97,Gaba,high,1,GABA,high,1
2-5-22,350,0.93,CEA-AAA-BST_Ebf1_Gaba,high,0.94,Ebf1CABGA1,medium,0.55,AMYGAGL,high,0.96,Gaba,medium,0.61,GABA,high,0.99
2-5-16,408,0.93,MEA-BST_Sox6_Gaba,medium,0.52,Sox6MEABSTGA3,medium,0.51,AMYGAGL,medium,0.52,Gaba,high,1,GABA,high,1
2-5-14,513,0.94,MEA-BST_Lhx6_Sp9_Gaba,high,0.94,Lhx6MEAGA1,high,0.94,AMYGAGL,high,0.96,Gaba,high,1,GABA,high,1
2-5-11,550,0.92,CEA-AAA-BST_Ebf1_Gaba,high,0.98,Ebf1CABGA2,high,0.97,AMYGAGL,high,0.99,Gaba,high,1,GABA,high,1
2-5-23,336,0.91,MEA-BST_Lhx6_Nfib_Gaba,medium,0.68,Lhx6MEABSTGA5,medium,0.68,AMYGAGL,high,0.92,Gaba,high,0.99,GABA,high,0.99
2-5-26,216,0.96,TU-ARH_Otp_Six6_Gaba,high,0.99,TUARHGA1,high,0.99,AMYGAGL,high,1,Gaba,high,1,GABA,high,1
2-5-25,311,0.95,MEA-BST_Lhx6_Sp9_Gaba,high,0.87,Lhx6MEAGA1,high,0.87,AMYGAGL,high,0.88,Gaba,high,1,GABA,high,1
2-5-18,370,0.91,MEA-BST_Sox6_Gaba,high,0.7,Sox6MEABSTGA3,medium,0.68,AMYGAGL,high,0.71,Gaba,high,0.99,GABA,high,0.99
2-5-6,786,0.96,MEA-BST_Sox6_Gaba,high,0.88,Sox6MEABSTGA2,high,0.84,AMYGAGL,high,0.9,Gaba,high,1,GABA,high,1
2-6-11,462,0.9,PH-SUM_Foxa1_Glut,medium,0.64,PHSUMGL1,medium,0.64,MBHBGLGA2,high,0.84,Glut,high,0.96,GLUT,high,0.96
2-6-21,315,0.91,MPT-NOT-PPT_Mecom_Gaba,high,0.71,MNPGA2,medium,0.51,MBHBGLGA2,medium,0.52,Gaba,high,0.98,GABA,high,0.99
2-6-5,624,0.93,SCdg_Pou4f3_Glut,medium,0.45,SCdgGL9,medium,0.45,MBHBGLGA2,medium,0.5,Glut,high,0.97,GLUT,high,0.97
2-6-4,680,0.87,IPN-IF-RL_Foxa1_Glut,high,0.95,IIRGL1,high,0.9,MBHBGLGA2,high,0.91,Glut,high,0.96,GLUT,high,0.99
2-6-15,379,0.84,CLI-PDTg_Pax6_Gaba,high,0.88,CLIPDTgGA1,high,0.88,MBHBGLGA2,high,0.9,Gaba,high,0.99,GABA,high,0.99
2-6-16,402,0.93,IPN-IF-RL_Foxa1_Glut,high,0.89,IIRGL1,medium,0.5,MBHBGLGA2,medium,0.52,Glut,high,0.98,GLUT,high,0.98
2-6-1,825,0.89,SCdg_Pou4f3_Glut,medium,0.57,SCdgGL9,medium,0.42,MBHBGLGA2,medium,0.43,Glut,high,0.96,GLUT,high,0.96
2-6-3,757,0.91,PH-ant_Otp_Glut,medium,0.53,PHGL1,medium,0.53,MBHBGLGA2,high,0.89,Glut,high,0.93,GLUT,high,0.93
2-6-29,219,0.92,SCdg_Pou4f3_Glut,medium,0.56,SCdgGL9,medium,0.55,MBHBGLGA2,medium,0.58,Glut,high,0.98,GLUT,high,0.98
2-6-18,397,0.94,SCop_Pou4f2_Neurod2_Glut,high,0.97,SCopGL1,high,0.97,MBGL,high,0.98,Glut,high,1,GLUT,high,1
2-6-9,481,0.88,PAG-MRN_Pou3f1_Glut,low,0.33,PAGMRNGL1,low,0.33,MBHBGLGA2,medium,0.63,Glut,high,0.76,GLUT,high,0.76
2-6-17,375,0.87,PAG_Neurod2_Meis2_Glut,high,0.75,Neurod2PAGGL2,high,0.74,MBHBGLGA2,high,0.9,Glut,high,0.9,GLUT,high,0.9
2-6-25,273,0.82,PB_Pax5_Glut,medium,0.51,Pax5PBGL1,medium,0.51,MBHBGLGA2,high,0.95,Glut,medium,0.68,GLUT,medium,0.68
2-6-20,337,0.87,PAG-MRN_Pou3f1_Glut,high,0.77,PAGMRNGL1,high,0.77,MBHBGLGA1,high,0.92,Glut,high,0.99,GLUT,high,0.99
2-6-22,314,0.93,IPN-IF-RL_Foxa1_Glut,high,0.96,MA3GL1,high,0.96,MBHBGLGA1,high,0.98,Glut,high,0.98,GLUT,high,0.98
2-6-12,446,0.88,SCop_Pou4f2_Neurod2_Glut,low,0.35,SCopGL1,low,0.35,MBGL,medium,0.46,Glut,high,0.99,GLUT,high,0.99
2-6-10,464,0.89,PAG_Neurod2_Meis2_Glut,high,0.98,Neurod2PAGGL1,high,0.97,MBHBGLGA2,high,0.99,Glut,high,0.99,GLUT,high,0.99
2-6-13,436,0.9,SCdg_Pou4f3_Glut,high,0.97,SCdgGL10,high,0.97,MBGL,high,0.98,Glut,high,1,GLUT,high,1
2-6-27,240,0.89,PB_Pax5_Glut,high,0.97,Pax5PBGL1,high,0.97,MBHBGLGA2,high,0.99,Glut,high,0.99,GLUT,high,0.99
2-6-33,101,0.83,RR-SNr-PAG_Foxa2_Gaba,high,0.97,RRSPGA1,high,0.97,MBHBGLGA2,high,0.97,Gaba,high,0.99,GABA,high,0.99
2-6-26,251,0.87,ND-PCG_Gata3_Lhx1_Gaba,high,0.91,RNMRNGA1,high,0.91,MBHBGLGA1,high,0.91,Gaba,high,0.99,GABA,high,1
2-6-31,145,0.94,SCdg_Pou4f3_Glut,high,0.97,SCdgGL10,high,0.97,MBGL,high,0.98,Glut,high,0.99,GLUT,high,0.99
2-6-2,789,0.92,PPN-SNr_Pax5_Sox21_Gaba,high,0.81,MBGA1,high,0.81,MBHBGLGA2,high,0.83,Gaba,high,0.98,GABA,high,0.99
2-6-23,289,0.87,MV_Nkx6-1_Gly-Gaba,high,0.93,HBGLYGA1,high,0.93,MBHBGLGA2,high,0.95,Gaba;Gly,high,0.95,GABA,high,0.99
2-6-6,514,0.83,MY_Prox1_Gly-Gaba,high,0.74,MYGLYGA1,high,0.74,MBHBGLGA2,high,0.96,Gaba;Gly,high,0.86,GABA,high,0.89
2-6-14,391,0.84,CLI-IF-IPN-DTN-PCG_Otp_Pax3_Gaba,high,0.95,CIIDPGA2,high,0.84,MBHBGLGA2,high,0.86,Gaba,high,0.97,GABA,high,0.97
2-6-24,300,0.9,MV_Nkx6-1_Gly-Gaba,high,0.92,HBGLYGA1,high,0.92,MBHBGLGA2,high,0.97,Gaba;Gly,high,0.92,GABA,high,0.93
2-6-30,129,0.75,MV_Nkx6-1_Gly-Gaba,high,0.78,MVGLYGA1,high,0.78,MBHBGLGA2,high,0.83,Gaba;Gly,high,0.78,GABA,high,0.78
2-6-8,449,0.8,MV_Glut,high,0.86,MVGL1,high,0.86,MBHBGLGA2,high,0.89,Glut,high,0.98,GLUT,high,0.98
2-6-19,329,0.82,MV_Nkx6-1_Gly-Gaba,high,0.83,HBGLYGA1,medium,0.63,MBHBGLGA2,high,0.84,Gaba;Gly,high,0.84,GABA,high,0.85
2-6-32,114,0.86,DCO_Il22_Gly-Gaba,high,0.96,GOLGlyGA3,high,0.96,HBGAGL,high,0.96,Gaba;Gly,high,0.96,GABA,high,0.97
2-6-7,527,0.85,PAS-MV_Ebf2_Gly-Gaba,medium,0.54,PASMVGLYGA1,medium,0.54,MBHBGLGA2,high,0.98,Gaba;Gly,high,0.98,GABA,high,0.98
2-6-28,233,0.87,PGRN-PARN-MDRN_Hoxb5_Glut,high,0.84,MYGL1,high,0.84,MBHBGLGA1,high,0.84,Glut,high,0.88,GLUT,high,0.88
2-7-1,2188,0.89,SC_Lef1_Emx2_Gaba,high,0.92,SCGA1,high,0.89,MBGA2,high,0.96,Gaba,high,0.98,GABA,high,0.98
2-7-9,756,0.94,SCs_Lef1_Gli3_Gaba,high,0.96,SCsGA6,high,0.96,MBGA2,high,0.96,Gaba,high,1,GABA,high,1
2-7-3,1233,0.92,ND-PCG_Gata3_Lhx1_Gaba,medium,0.63,Nkx2-2PAGGA1,medium,0.5,MBHBGLGA1,medium,0.53,Gaba,high,0.99,GABA,high,0.99
2-7-2,1360,0.95,SC_Lef1_Otx2_Gaba,high,0.98,SCGA2,high,0.98,MBGA2,high,1,Gaba,high,1,GABA,high,1
2-7-6,949,0.9,SCm_Cdh23_Gaba,high,0.89,SCmGA1,high,0.87,MBGA2,high,0.9,Gaba,high,1,GABA,high,1
2-7-13,428,0.83,MPT-NOT-PPT_Mecom_Gaba,high,0.93,MNPGA2,high,0.93,MBHBGLGA2,high,0.98,Gaba,high,1,GABA,high,1
2-7-7,783,0.89,SC_Lef1_Emx2_Gaba,high,0.83,SCGA4,high,0.83,MBGA2,high,0.84,Gaba,high,0.98,GABA,high,0.98
2-7-4,1009,0.94,SCm_Cdh23_Gaba,high,0.92,SCmGA2,high,0.92,MBGA2,high,0.94,Gaba,high,0.99,GABA,high,0.99
2-7-10,750,0.94,SC_Lef1_Emx2_Gaba,high,0.93,SCGA3,high,0.93,MBGA2,high,0.97,Gaba,high,0.99,GABA,high,0.99
2-7-8,762,0.89,SCs_Lef1_Gli3_Gaba,high,0.98,SCsGA3,high,0.97,MBGA2,high,0.98,Gaba,high,1,GABA,high,1
2-7-5,995,0.93,SCs_Pax7_Nfia_Gaba,high,0.74,Pax7SCsGA2,high,0.74,MBGA1,high,0.75,Gaba,high,1,GABA,high,1
2-7-11,651,0.96,SCs_Pax7_Nfia_Gaba,high,0.96,Pax7SCsGA3,high,0.76,MBGA1,high,0.99,Gaba,high,1,GABA,high,1
2-7-12,624,0.93,SCs_Pax7_Nfia_Gaba,high,0.95,Pax7SCsGA1,high,0.94,MBGA1,high,0.96,Gaba,high,1,GABA,high,1
2-8-2,925,0.95,SI-MA-LPO_Skor1_Glut,high,0.74,SMLGL1,high,0.74,MBHBGLGA1,high,0.85,Glut,high,0.86,GLUT,high,0.86
2-8-6,656,0.94,SI-MA-LPO_Skor1_Glut,high,0.96,SMLGL1,high,0.96,MBHBGLGA1,high,0.96,Glut,high,0.99,GLUT,high,0.99
2-8-8,623,0.96,PVH-LHA_Barhl2_Glut,medium,0.57,GPiGAGL1,medium,0.57,HYGLGA,medium,0.57,Glut,high,0.98,GLUT,high,0.98
2-8-9,499,0.97,SI-MA-LPO_Skor1_Glut,high,0.91,SMLGL1,high,0.91,MBHBGLGA1,high,0.92,Glut,high,0.97,GLUT,high,0.97
2-8-16,351,0.9,MS_Bsx_Glut,high,0.95,MSGL1,high,0.95,HYGLGA,high,0.97,Gaba;Glut,high,0.95,GLUT,high,0.97
2-8-20,218,0.94,SI-MA-LPO_Skor1_Glut,high,0.96,SMLGL1,high,0.96,MBHBGLGA1,high,0.96,Glut,high,0.96,GLUT,high,0.96
2-8-13,425,0.91,MS_Bsx_Glut,high,0.98,MSGL1,high,0.98,HYGLGA,high,0.99,Gaba;Glut,high,0.98,GLUT,high,0.99
2-8-11,473,0.93,MS_Bsx_Glut,high,0.92,MSGL1,high,0.92,HYGLGA,high,0.94,Gaba;Glut,high,0.92,GLUT,high,0.97
2-8-18,323,0.95,PVH-LHA_Barhl2_Glut,high,0.8,GPiGAGL1,high,0.8,HYGLGA,high,0.84,Glut,high,0.92,GLUT,high,0.93
2-8-1,1153,0.97,AHN_Otp_Glut,high,0.83,AHNGL1,high,0.83,HYGLGA,high,0.93,Glut,high,0.9,GLUT,high,0.9
2-8-5,709,0.98,PVH-LHA_Barhl2_Glut,high,0.92,GPiGAGL1,high,0.92,HYGLGA,high,0.94,Glut,high,0.97,GLUT,high,0.97
2-8-17,349,0.97,AHN_Otp_Glut,high,0.87,AHNGL1,high,0.87,HYGLGA,high,0.89,Glut,high,0.93,GLUT,high,0.93
2-8-14,432,0.98,AHN_Otp_Glut,high,0.95,AHNGL1,high,0.95,HYGLGA,high,0.99,Glut,high,0.96,GLUT,high,0.96
2-8-7,642,0.97,PVH-LHA_Barhl2_Glut,medium,0.62,GPiGAGL1,medium,0.62,HYGLGA,medium,0.62,Glut,high,0.97,GLUT,high,0.97
2-8-15,425,0.98,AHN_Otp_Glut,medium,0.46,AHNGL1,medium,0.46,HYGLGA,high,0.92,Glut,high,0.88,GLUT,high,0.89
2-8-12,473,0.96,PVH-LHA_Barhl2_Glut,high,0.84,SMLGL2,medium,0.44,MBHBGLGA2,medium,0.45,Glut,high,0.97,GLUT,high,0.97
2-8-10,497,0.97,AHN_Otp_Glut,high,1,AHNGL1,high,1,HYGLGA,high,1,Glut,high,1,GLUT,high,1
2-8-4,701,0.95,AHN_Otp_Glut,high,0.91,AHNGL1,high,0.91,HYGLGA,high,0.93,Glut,high,0.98,GLUT,high,0.98
2-8-22,131,0.98,BST-po_Glut,high,0.93,BSTGL3,high,0.93,STRGL,high,0.97,Glut,high,0.99,GLUT,high,0.99
2-8-19,249,0.9,LGv_Otx2_Gaba,low,0.38,RmstLGvGA1,low,0.38,MBGA2,low,0.38,Glut,medium,0.53,GLUT,medium,0.53
2-8-3,711,0.89,LH_Pou4f1_Sox1_Glut,high,0.82,RmstLHGL1,medium,0.53,HYGLGA,medium,0.53,Glut,high,0.95,GLUT,high,0.95
2-8-21,192,0.95,PVH-LHA_Barhl2_Glut,high,0.85,GPiGAGL1,high,0.85,HYGLGA,high,0.85,Glut,high,0.9,GLUT,high,0.9
2-9-9,528,0.93,STRv_Lhx8_Gaba,high,0.77,MSGA9,high,0.76,MSGA,high,0.92,Gaba,high,0.99,GABA,high,0.99
2-9-4,1111,0.9,Sst_Chodl_Gaba,high,0.95,CholdlSSTGA1,high,0.94,SSTGA,high,0.97,Gaba,high,1,GABA,high,1
2-9-1,1501,0.95,NDB-SI-MA-STRv_Lhx8_Gaba,high,0.97,MSGA3,medium,0.52,MSGA,high,0.98,Gaba,high,1,GABA,high,1
2-9-3,1245,0.94,SI-MPO-LPO_Lhx8_Gaba,high,0.88,SMLGA1,medium,0.51,MSGA,high,0.95,Gaba,high,0.98,GABA,high,0.98
2-9-6,766,0.97,NDB-SI-MA-STRv_Lhx8_Gaba,high,0.88,MSGA4,high,0.81,MSGA,high,0.92,Gaba,high,1,GABA,high,1
2-9-2,1376,0.93,NDB-SI-MA-STRv_Lhx8_Gaba,high,0.98,MSGA1,high,0.96,MSGA,high,0.99,Gaba,high,1,GABA,high,1
2-9-5,953,0.96,NDB-SI-MA-STRv_Lhx8_Gaba,high,0.98,MSGA8,medium,0.49,MSGA,high,0.99,Gaba,high,1,GABA,high,1
2-9-8,594,0.95,NDB-SI-MA-STRv_Lhx8_Gaba,high,0.98,MSGA6,high,0.81,MSGA,high,0.99,Gaba,high,1,GABA,high,1
2-9-11,415,0.9,NDB-SI-MA-STRv_Lhx8_Gaba,high,0.98,MSGA11,high,0.87,MSGA,high,0.99,Gaba,high,1,GABA,high,1
2-9-10,523,0.93,NDB-SI-MA-STRv_Lhx8_Gaba,high,0.98,MSGA7,high,0.93,MSGA,high,0.99,Gaba,high,1,GABA,high,1
2-9-7,675,0.94,NDB-SI-MA-STRv_Lhx8_Gaba,high,0.95,NSMSGA1,high,0.91,MSGA,high,0.96,Gaba,high,0.99,GABA,high,0.99
20-1-1,17161,0.98,L2-3_IT_RSP_Glut,high,1,ITHGL1,high,0.96,ITRSPL23GL1,high,0.99,Glut,high,1,GLUT,high,1
20-1-2,406,0.98,L2-3_IT_RSP_Glut,high,0.73,ITHGL5,medium,0.62,ITRSPL23GL1,high,0.7,Glut,high,1,GLUT,high,1
20-2-1,5847,0.97,L2-3_IT_RSP_Glut,high,0.99,RSPITL23GL1,high,0.98,ITRSPL23GL2,high,0.98,Glut,high,1,GLUT,high,1
20-2-2,78,1,L2-3_IT_RSP_Glut,high,0.99,RSPITL23GL1,high,0.99,ITRSPL23GL2,high,0.99,Glut,high,1,GLUT,high,1
20-3-1,2050,0.88,L2-3_IT_PPP_Glut,high,0.99,ITHGL2,high,0.99,ITRSPL23GL1,high,1,Glut,high,1,GLUT,high,1
20-3-2,495,0.9,L2-3_IT_PPP_Glut,high,0.99,ITHGL2,high,0.99,ITRSPL23GL1,high,0.99,Glut,high,1,GLUT,high,1
20-4-1,707,0.89,L2-3_IT_PPP_Glut,high,0.98,ITHGL3,high,0.98,ITRSPL23GL1,high,0.98,Glut,high,1,GLUT,high,1
20-4-2,388,0.84,L2-3_IT_PPP_Glut,high,0.98,ITHGL3,high,0.98,ITRSPL23GL1,high,0.98,Glut,high,1,GLUT,high,1
20-5-1,332,0.92,L2_IT_PPP-APr_Glut,high,0.97,L2ITPPPGL1,high,0.97,ITRSPL23GL2,high,0.99,Glut,high,1,GLUT,high,1
20-5-2,307,0.97,L2_IT_PPP-APr_Glut,high,0.95,L2ITPPPGL1,high,0.95,ITRSPL23GL2,high,0.98,Glut,high,1,GLUT,high,1
20-5-3,135,0.89,L2_IT_PPP-APr_Glut,high,1,L2ITPPPGL1,high,1,ITRSPL23GL2,high,1,Glut,high,1,GLUT,high,1
21-1-1,7868,0.92,MOB-in_Frmd7_Gaba,high,1,MOBinGA1,high,0.99,OBGA,high,1,Gaba,high,1,GABA,high,1
21-1-3,494,0.84,MOB-in_Frmd7_Gaba,high,0.98,MOBinGA3,high,0.81,OBGA,high,0.98,Gaba,high,1,GABA,high,1
21-1-2,1410,0.91,MOB-in_Frmd7_Gaba,high,0.95,MOBinGA1,medium,0.56,OBGA,high,0.95,Gaba,high,1,GABA,high,1
21-2-2,587,0.73,HPF_CR_Glut,high,0.82,DGNBL2,high,0.82,DGNBL,high,0.91,Glut,high,0.91,GLUT,high,0.91
21-2-1,3643,0.91,DG_Glut,high,0.99,DGNBL1,high,0.98,DGNBL,high,0.99,Glut,high,1,GLUT,high,1
21-3-1,3051,0.82,MOB_Meis2_Gaba,high,0.98,OBNBL1,high,0.97,OBNBL,high,0.98,Gaba,high,0.99,GABA,high,0.99
21-3-2,724,0.68,MOB_Meis2_Gaba,medium,0.67,OBNBL2,medium,0.56,OBNBL,medium,0.67,Gaba,medium,0.67,GABA,medium,0.67
21-4-2,464,0.71,MOB_Dopa-Gaba,high,0.93,OBDOPA1,high,0.93,OBNBL,high,0.95,Gaba;Dopa,high,0.93,GABA,high,1
21-4-1,1034,0.84,MOB-out_Frmd7_Gaba,high,0.9,MOBoutGA1,high,0.9,OBNBL,high,0.99,Gaba,high,1,GABA,high,1
21-4-4,98,0.89,MOB-out_Frmd7_Gaba,high,0.97,MOBoutGA1,high,0.97,OBNBL,high,0.97,Gaba,high,0.99,GABA,high,0.99
21-4-3,83,0.69,MOB-out_Frmd7_Gaba,medium,0.48,MOBoutGA1,medium,0.48,OBNBL,high,0.9,Gaba,medium,0.59,GABA,high,1
21-5-1,975,0.69,HPF_CR_Glut,high,0.97,CRC1,high,0.97,CRGL,high,0.97,Glut,high,0.98,GLUT,high,0.99
21-6-1,793,0.91,MOB_Trdn_Gaba,high,0.97,TrdnMOBGA1,high,0.97,OBGA,high,1,Gaba,high,1,GABA,high,1
21-6-2,272,0.81,MOB_Trdn_Gaba,high,0.99,TrdnMOBGA1,high,0.99,OBGA,high,1,Gaba,high,1,GABA,high,1
22-1-1,4135,0.89,LSX_Prdm12_do_Gaba,high,0.95,Prdm12LSXGA2,medium,0.5,LSXGA,high,1,Gaba,high,1,GABA,high,1
22-1-2,1982,0.91,LSX_Prdm12_do_Gaba,high,0.84,Prdm12LSXGA6,medium,0.61,LSXGA,high,1,Gaba,high,1,GABA,high,1
22-1-3,1563,0.88,LSX_Sall3_Lmo1_Gaba,high,0.93,Sall3Lmo1LSXGA1,high,0.93,LSXGA,high,1,Gaba,high,1,GABA,high,1
22-2-2,2651,0.9,LSX_Prdm12_ve_Gaba,high,0.89,Prdm12LSXGA3,high,0.75,LSXGA,high,0.99,Gaba,high,0.95,GABA,high,1
22-2-1,4283,0.92,LSX_Prdm12_ve_Gaba,high,0.89,Prdm12LSXGA1,medium,0.51,LSXGA,high,0.99,Gaba,high,1,GABA,high,1
22-3-20,150,0.82,LSX_Otx2_Gaba,high,0.96,Otx2LSXGA1,high,0.91,LSXGA,high,1,Gaba,high,0.99,GABA,high,1
22-3-12,234,0.88,LSX_Otx2_Gaba,medium,0.65,Otx2LSXGA1,medium,0.65,LSXGA,high,0.78,Gaba,high,1,GABA,high,1
22-3-4,364,0.89,LSX_Nkx2-1_Gaba,high,0.99,Nkx2-1LSXGA1,high,0.97,LSXGA,high,1,Gaba,high,0.99,GABA,high,1
22-3-17,197,0.88,LSX_Nkx2-1_Gaba,medium,0.64,Nkx2-1LSXGA1,medium,0.64,LSXGA,high,0.86,Gaba,high,0.89,GABA,high,0.89
22-3-3,368,0.87,LSX_Nkx2-1_Gaba,high,0.93,Nkx2-1LSXCHOLGA1,high,0.92,LSXGA,high,0.99,Gaba;Chol,high,0.92,GABA,high,1
22-3-1,527,0.9,LSX_Nkx2-1_Gaba,high,0.97,Nkx2-1LSXGA2,high,0.94,LSXGA,high,1,Gaba,high,0.99,GABA,high,1
22-3-5,347,0.85,LSX_Otx2_Gaba,high,1,Otx2LSXGA1,high,1,LSXGA,high,1,Gaba,high,1,GABA,high,1
22-3-2,497,0.9,LSX_Otx2_Gaba,high,0.96,Otx2LSXGA2,high,0.9,LSXGA,high,1,Gaba,high,1,GABA,high,1
22-3-15,226,0.95,LSX_Otx2_Gaba,high,0.95,Otx2LSXGA3,high,0.9,LSXGA,high,1,Gaba,high,1,GABA,high,1
22-3-23,114,0.94,LSX_Otx2_Gaba,high,1,Otx2LSXGA3,high,0.98,LSXGA,high,1,Gaba,high,1,GABA,high,1
22-3-11,248,0.89,LSX_Nkx2-1_Gaba,high,0.96,Nkx2-1LSXGA1,high,0.92,LSXGA,high,1,Gaba,high,1,GABA,high,1
22-3-16,219,0.93,LSX_Nkx2-1_Gaba,high,0.91,Nkx2-1LSXGA2,high,0.91,LSXGA,high,0.99,Gaba,high,1,GABA,high,1
22-3-18,201,0.91,LSX_Nkx2-1_Gaba,high,0.99,Nkx2-1LSXGA1,high,0.99,LSXGA,high,1,Gaba,high,1,GABA,high,1
22-3-7,320,0.91,LSX_Prdm12_ve_Gaba,high,0.94,Prdm12LSXGA8,high,0.92,LSXGA,high,1,Gaba,high,1,GABA,high,1
22-3-19,194,0.93,LSX_Nkx2-1_Gaba,high,0.98,Nkx2-1LSXCHOLGA1,high,0.95,LSXGA,high,0.98,Gaba;Chol,high,0.95,GABA,high,1
22-3-6,336,0.93,LSX_Nkx2-1_Gaba,high,0.98,Nkx2-1LSXGA1,high,0.96,LSXGA,high,1,Gaba,high,0.99,GABA,high,1
22-3-14,215,0.84,LSX_Otx2_Gaba,high,0.87,Otx2LSXGA1,high,0.85,LSXGA,high,1,Gaba,high,0.98,GABA,high,1
22-3-21,132,0.93,LSX_Otx2_Gaba,high,0.89,Otx2LSXGA3,high,0.83,LSXGA,high,0.99,Gaba,high,1,GABA,high,1
22-3-9,293,0.88,LSX_Nkx2-1_Gaba,high,0.96,Nkx2-1LSXCHOLGA1,high,0.96,LSXGA,high,1,Gaba;Chol,high,0.96,GABA,high,1
22-3-13,235,0.89,LSX_Prdm12_ve_Gaba,high,0.98,Prdm12LSXGA8,high,0.96,LSXGA,high,1,Gaba,high,1,GABA,high,1
22-3-10,268,0.94,LSX_Nkx2-1_Gaba,high,0.98,Nkx2-1LSXCHOLGA1,high,0.97,LSXGA,high,1,Gaba;Chol,high,0.97,GABA,high,1
22-3-25,63,0.88,LSX_Otx2_Gaba,high,0.89,Otx2LSXGA1,high,0.89,LSXGA,high,0.98,Gaba,high,1,GABA,high,1
22-3-24,65,0.87,LSX_Sall3_Lmo1_Gaba,high,0.92,Sall3Lmo1LSXGA1,high,0.92,LSXGA,high,0.98,Gaba,high,1,GABA,high,1
22-3-22,129,0.94,LSX_Nkx2-1_Gaba,high,0.95,Nkx2-1LSXGA1,high,0.92,LSXGA,high,1,Gaba,high,0.97,GABA,high,1
22-3-8,301,0.87,LSX_Otx2_Gaba,high,0.97,Otx2LSXGA1,high,0.94,LSXGA,high,1,Gaba,high,0.98,GABA,high,1
23-1-1,2072,0.89,L5_ET_CTX_Glut,high,1,PTGL1,high,0.9,ETL5GL,high,1,Glut,high,1,GLUT,high,1
23-1-2,1555,0.94,L5_ET_CTX_Glut,high,1,PTGL1,high,0.86,ETL5GL,high,1,Glut,high,1,GLUT,high,1
23-10-2,172,0.83,L5_ET_CTX_Glut,high,1,PTGL10,high,0.99,ETL5GL,high,1,Glut,high,1,GLUT,high,1
23-10-1,600,0.91,L5_ET_CTX_Glut,high,0.99,PTGL10,high,0.97,ETL5GL,high,0.99,Glut,high,1,GLUT,high,1
23-11-1,128,0.9,L5_ET_CTX_Glut,high,0.98,PTGL11,high,0.94,ETL5GL,high,0.98,Glut,high,1,GLUT,high,1
23-2-1,1647,0.93,L5_ET_CTX_Glut,high,1,PTGL3,high,0.83,ETL5GL,high,1,Glut,high,1,GLUT,high,1
23-2-2,1363,0.96,L5_ET_CTX_Glut,high,1,PTGL3,high,0.9,ETL5GL,high,1,Glut,high,1,GLUT,high,1
23-3-1,1270,0.85,L5_ET_CTX_Glut,high,1,PTGL4,high,0.85,ETL5GL,high,1,Glut,high,1,GLUT,high,1
23-3-2,1193,0.81,L5_ET_CTX_Glut,high,1,PTGL4,high,0.86,ETL5GL,high,1,Glut,high,1,GLUT,high,1
23-4-7,256,0.89,L5_ET_CTX_Glut,high,1,PTGL2,high,0.81,ETL5GL,high,1,Glut,high,1,GLUT,high,1
23-4-4,359,0.86,L5_ET_CTX_Glut,high,1,PTGL2,medium,0.67,ETL5GL,high,1,Glut,high,1,GLUT,high,1
23-4-5,278,0.85,L5_ET_CTX_Glut,high,1,PTGL3,high,0.76,ETL5GL,high,1,Glut,high,1,GLUT,high,1
23-4-8,242,0.91,L5_ET_CTX_Glut,high,1,PTGL2,high,0.76,ETL5GL,high,1,Glut,high,1,GLUT,high,1
23-4-2,393,0.93,L5_ET_CTX_Glut,high,1,PTGL2,high,0.72,ETL5GL,high,1,Glut,high,1,GLUT,high,1
23-4-6,287,0.93,L5_ET_CTX_Glut,high,1,PTGL1,medium,0.41,ETL5GL,high,1,Glut,high,1,GLUT,high,1
23-4-1,419,0.92,L5_ET_CTX_Glut,high,1,PTGL2,high,0.86,ETL5GL,high,1,Glut,high,1,GLUT,high,1
23-4-3,375,0.89,L5_ET_CTX_Glut,high,1,PTGL1,high,0.93,ETL5GL,high,1,Glut,high,1,GLUT,high,1
23-5-3,408,0.9,L5_ET_CTX_Glut,high,1,PTGL6,high,0.9,ETL5GL,high,1,Glut,high,1,GLUT,high,1
23-5-1,467,0.92,L5_ET_CTX_Glut,high,1,PTGL5,high,0.8,ETL5GL,high,1,Glut,high,1,GLUT,high,1
23-5-5,347,0.93,L5_ET_CTX_Glut,high,1,PTGL1,medium,0.53,ETL5GL,high,1,Glut,high,1,GLUT,high,1
23-5-4,348,0.91,L5_ET_CTX_Glut,high,1,PTGL6,high,0.89,ETL5GL,high,1,Glut,high,1,GLUT,high,1
23-5-2,412,0.84,L5_ET_CTX_Glut,high,1,PTGL6,high,0.96,ETL5GL,high,1,Glut,high,1,GLUT,high,1
23-6-2,723,0.96,L5_ET_CTX_Glut,high,0.99,PTGL2,high,0.96,ETL5GL,high,0.99,Glut,high,1,GLUT,high,1
23-6-1,1288,0.91,L5_ET_CTX_Glut,high,1,PTGL2,high,0.97,ETL5GL,high,1,Glut,high,1,GLUT,high,1
23-7-2,731,0.95,L5_ET_CTX_Glut,high,1,PTGL5,high,0.97,ETL5GL,high,1,Glut,high,1,GLUT,high,1
23-7-1,748,0.88,L5_ET_CTX_Glut,high,1,PTGL5,high,0.95,ETL5GL,high,1,Glut,high,1,GLUT,high,1
23-8-1,799,0.92,L5_ET_CTX_Glut,high,0.99,PTGL7,high,0.86,ETL5GL,high,0.99,Glut,high,1,GLUT,high,1
23-8-2,243,0.89,L5_ET_CTX_Glut,high,0.99,PTGL7,high,0.84,ETL5GL,high,0.99,Glut,high,1,GLUT,high,1
23-9-1,639,0.88,L5_ET_CTX_Glut,high,1,PTGL9,high,0.78,ETL5GL,high,1,Glut,high,1,GLUT,high,1
23-9-2,241,0.89,L5_ET_CTX_Glut,high,1,PTGL9,high,0.94,ETL5GL,high,1,Glut,high,1,GLUT,high,1
24-1-1,4701,0.91,L5_NP_CTX_Glut,high,1,NPGL3,low,0.36,NPGL,high,1,Glut,high,1,GLUT,high,1
24-1-3,492,0.82,L5_NP_CTX_Glut,high,1,NPGL3,high,0.79,NPGL,high,1,Glut,high,1,GLUT,high,1
24-1-2,1396,0.96,L5_NP_CTX_Glut,high,1,NPGL2,medium,0.64,NPGL,high,1,Glut,high,1,GLUT,high,1
24-2-1,2293,0.9,L5_NP_CTX_Glut,high,1,NPGL6,medium,0.65,NPGL,high,1,Glut,high,1,GLUT,high,1
24-2-2,1750,0.94,L5_NP_CTX_Glut,high,0.98,NPGL4,high,0.91,NPGL,high,1,Glut,high,1,GLUT,high,1
24-2-3,269,0.92,L5_NP_CTX_Glut,high,0.9,NPGL4,high,0.8,NPGL,high,0.91,Glut,high,1,GLUT,high,1
24-3-1,2910,0.91,L5_NP_CTX_Glut,high,1,NPGL1,high,0.89,NPGL,high,1,Glut,high,1,GLUT,high,1
24-3-2,524,0.92,L5_NP_CTX_Glut,high,1,NPGL10,high,0.74,NPGL,high,1,Glut,high,1,GLUT,high,1
24-4-2,413,0.91,NP_SUB_Glut,high,0.96,NPGL7,high,0.96,NPGL,high,1,Glut,high,1,GLUT,high,1
24-4-1,911,0.89,NP_SUB_Glut,high,0.98,NPGL7,high,0.98,NPGL,high,0.99,Glut,high,1,GLUT,high,1
24-5-1,185,0.91,NP_PPP_Glut,high,0.96,NPGL11,high,0.96,NPGL,high,0.96,Glut,high,1,GLUT,high,1
25-1-3,1244,0.9,Car3_Glut,high,1,CLAGL1,medium,0.67,CLAGL,high,1,Glut,high,1,GLUT,high,1
25-1-2,1230,0.87,Car3_Glut,high,1,CLAGL1,medium,0.58,CLAGL,high,1,Glut,high,1,GLUT,high,1
25-1-5,207,0.92,Car3_Glut,high,0.99,CLAGL8,high,0.98,CLAGL,high,0.99,Glut,high,1,GLUT,high,1
25-1-4,314,0.88,Car3_Glut,high,1,CLAGL6,high,0.97,CLAGL,high,1,Glut,high,1,GLUT,high,1
25-1-1,1366,0.85,Car3_Glut,high,1,CLAGL9,low,0.32,CLAGL,high,1,Glut,high,1,GLUT,high,1
25-2-1,2144,0.94,Car3_Glut,high,1,CLAGL3,high,0.8,CLAGL,high,1,Glut,high,1,GLUT,high,1
25-2-2,1275,0.93,Car3_Glut,high,1,CLAGL5,medium,0.62,CLAGL,high,1,Glut,high,1,GLUT,high,1
25-3-1,1056,0.94,Car3_Glut,high,0.99,CLAGL2,high,0.85,CLAGL,high,0.99,Glut,high,0.99,GLUT,high,1
25-3-2,603,0.9,Car3_Glut,high,0.99,CLAGL2,high,0.87,CLAGL,high,0.99,Glut,high,0.99,GLUT,high,1
25-3-3,510,0.91,Car3_Glut,high,0.99,CLAGL2,high,0.95,CLAGL,high,0.99,Glut,high,0.99,GLUT,high,0.99
25-4-2,628,0.92,Car3_Glut,high,1,CLAGL4,high,0.76,CLAGL,high,1,Glut,high,1,GLUT,high,1
25-4-1,648,0.83,Car3_Glut,high,1,CLAGL4,medium,0.55,CLAGL,high,1,Glut,high,1,GLUT,high,1
25-4-3,530,0.89,Car3_Glut,high,0.99,CLAGL4,high,0.93,CLAGL,high,0.99,Glut,high,1,GLUT,high,1
25-5-1,1473,0.95,Car3_Glut,high,1,CLAGL7,medium,0.69,CLAGL,high,1,Glut,high,1,GLUT,high,1
25-5-2,297,0.96,Car3_Glut,high,1,CLAGL6,high,0.75,CLAGL,high,1,Glut,high,1,GLUT,high,1
26-1-3,3042,0.95,ABC_NN,high,1,VPIA1,high,1,VPIA,high,1,NN,high,1,NN,high,1
26-1-1,3151,0.93,ABC_NN,high,1,VPIA1,high,1,VPIA,high,1,NN,high,1,NN,high,1
26-1-2,2897,0.91,ABC_NN,high,1,VPIA1,high,1,VPIA,high,1,NN,high,1,NN,high,1
26-1-4,304,0.94,ABC_NN,high,0.98,VPIA1,high,0.95,VPIA,high,0.98,NN,high,1,NN,high,1
26-2-1,1776,0.96,ABC_NN,high,1,VPIA2,high,0.93,VPIA,high,1,NN,high,1,NN,high,1
26-2-2,1053,0.95,ABC_NN,high,1,VPIA2,high,0.93,VPIA,high,1,NN,high,1,NN,high,1
26-3-1,148,0.68,ABC_NN,high,0.87,VPIA3,high,0.86,VPIA,high,0.87,NN,high,1,NN,high,1
26-4-1,100,0.46,ABC_NN,high,0.86,VPIA3,high,0.85,VPIA,high,0.86,NN,high,1,NN,high,1
26-5-1,73,0.57,ABC_NN,high,0.95,VPIA1,high,0.89,VPIA,high,0.95,NN,high,1,NN,high,1
27-1-1,2873,0.9,Oligo_NN,high,0.99,COP,high,0.99,IOL,high,0.99,NN,high,1,NN,high,1
27-1-2,2673,0.94,Oligo_NN,high,0.95,COP,high,0.95,IOL,high,0.95,NN,high,1,NN,high,1
27-1-3,2057,0.81,Oligo_NN,high,1,COP,high,0.95,IOL,high,1,NN,high,1,NN,high,1
27-2-2,973,0.84,Oligo_NN,high,1,NFOL,high,0.9,IOL,high,1,NN,high,1,NN,high,1
27-2-1,1783,0.77,Oligo_NN,high,1,NFOL,high,0.97,IOL,high,1,NN,high,1,NN,high,1
28-1-1,3394,0.94,Peri_NN,high,0.99,PER1,high,0.87,PER,high,0.99,NN,high,1,NN,high,1
28-1-4,1618,0.97,Peri_NN,high,1,PER1,high,0.94,PER,high,1,NN,high,1,NN,high,1
28-1-3,2215,0.97,Peri_NN,high,1,PER1,high,0.9,PER,high,1,NN,high,1,NN,high,1
28-1-2,2479,0.97,Peri_NN,high,1,PER1,high,0.99,PER,high,1,NN,high,1,NN,high,1
28-2-1,167,0.58,Peri_NN,high,0.91,PER5,high,0.9,PER,high,0.91,NN,high,1,NN,high,1
28-3-1,242,0.94,Peri_NN,high,1,PER4,high,0.81,PER,high,1,NN,high,1,NN,high,1
28-4-1,200,0.82,Peri_NN,high,0.94,PER3,high,0.94,PER,high,0.94,NN,high,1,NN,high,1
28-5-1,137,0.79,Peri_NN,high,0.91,PER6,high,0.83,PER,high,0.91,NN,high,0.99,NN,high,0.99
28-6-1,72,0.62,Peri_NN,high,0.89,PER1,medium,0.65,PER,high,0.89,NN,high,1,NN,high,1
28-7-1,26,0.58,Peri_NN,high,0.73,PER3,medium,0.69,PER,high,0.73,NN,high,1,NN,high,1
28-7-2,45,0.9,Peri_NN,high,0.93,PER3,high,0.93,PER,high,0.93,NN,high,1,NN,high,1
29-1-2,965,0.88,IC_Tfap2d_Maf_Glut,high,1,ICGL3,high,0.74,ICGL,high,1,Glut,high,1,GLUT,high,1
29-1-4,675,0.87,IC_Tfap2d_Maf_Glut,high,1,ICGL8,high,0.86,ICGL,high,1,Glut,high,1,GLUT,high,1
29-1-8,242,0.89,IC_Tfap2d_Maf_Glut,high,1,ICGL14,high,0.94,ICGL,high,1,Glut,high,1,GLUT,high,1
29-1-1,1206,0.9,IC_Tfap2d_Maf_Glut,high,1,ICGL6,medium,0.59,ICGL,high,1,Glut,high,1,GLUT,high,1
29-1-3,719,0.89,IC_Tfap2d_Maf_Glut,high,1,ICGL5,high,0.92,ICGL,high,1,Glut,high,1,GLUT,high,1
29-1-6,341,0.93,IC_Tfap2d_Maf_Glut,high,1,ICGL12,high,0.98,ICGL,high,1,Glut,high,1,GLUT,high,1
29-1-7,273,0.85,IC_Tfap2d_Maf_Glut,high,1,ICGL13,high,0.99,ICGL,high,1,Glut,high,1,GLUT,high,1
29-1-5,408,0.91,IC_Tfap2d_Maf_Glut,high,1,ICGL11,high,0.96,ICGL,high,1,Glut,high,1,GLUT,high,1
29-2-2,1338,0.85,IC_Tfap2d_Maf_Glut,high,1,ICGL4,medium,0.64,ICGL,high,1,Glut,high,1,GLUT,high,1
29-2-1,3238,0.9,IC_Tfap2d_Maf_Glut,high,1,ICGL1,medium,0.44,ICGL,high,1,Glut,high,1,GLUT,high,1
29-2-3,102,0.86,IC_Tfap2d_Maf_Glut,high,1,ICGL16,high,0.99,ICGL,high,1,Glut,high,1,GLUT,high,1
3-1-1,117348,0.97,Astro-TE_NN,high,0.98,ASCTE1,high,0.9,ASCTE1,high,0.9,NN,high,1,NN,high,1
3-1-2,23587,0.98,Astro-TE_NN,high,0.83,ASCTE1,high,0.79,ASCTE1,high,0.79,NN,high,1,NN,high,1
3-2-2,5950,0.96,MOB-STR-CTX_Inh_IMN,high,0.91,RGSZ,high,0.83,RGL,high,0.91,NN,high,0.99,NN,high,0.99
3-2-1,8120,0.99,Astro-TE_NN,high,0.85,ASCTE1,high,0.82,ASCTE1,high,0.82,NN,high,1,NN,high,1
3-2-3,1753,0.97,DG-PIR_Ex_IMN,high,0.93,RGDG,high,0.93,RGL,high,0.96,NN,high,1,NN,high,1
3-3-2,1696,0.93,Astro-TE_NN,high,0.95,ASCTE1,high,0.82,ASCTE1,high,0.82,NN,high,1,NN,high,1
3-3-1,9803,0.95,Astro-TE_NN,high,0.96,ASCEP1,medium,0.68,ASCTENT,high,0.9,NN,high,1,NN,high,1
3-4-1,676,0.64,Astro-TE_NN,high,0.86,ASCTE1,medium,0.66,ASCTE1,medium,0.66,NN,high,1,NN,high,1
3-5-1,177,0.49,Astro-TE_NN,high,0.76,ASCTE1,high,0.72,ASCTE1,high,0.72,NN,high,0.99,NN,high,0.99
3-5-2,57,0.3,Oligo_NN,medium,0.6,MOL5,low,0.32,OGC2,medium,0.44,NN,high,1,NN,high,1
30-1-2,996,0.88,CB_Granule_Glut,high,1,CBGRANGL4,high,0.98,CBGRGL,high,1,Glut,high,1,GLUT,high,1
30-1-1,1966,0.96,CB_Granule_Glut,high,0.99,CBGRANGL4,high,0.99,CBGRGL,high,0.99,Glut,high,1,GLUT,high,1
30-2-1,1970,0.95,CB_MLI_Megf11_Gaba,high,0.99,CBGA1,high,0.92,CBGA,high,1,Gaba,high,1,GABA,high,1
30-2-2,889,0.94,CB_MLI_Megf11_Gaba,high,0.97,PURKGA1,high,0.94,CBGA,high,1,Gaba,high,1,GABA,high,1
30-2-3,53,0.55,CB_PLI_Gly-Gaba,high,0.81,CBGA2,high,0.81,CBGA,high,0.81,Gaba,high,0.81,GABA,high,0.81
30-3-1,847,0.9,CB_MLI_Cdh22_Gaba,high,0.94,PURKGA2,high,0.92,CBGA,high,0.99,Gaba,high,0.99,GABA,high,0.99
30-3-2,242,0.85,CB_PLI_Gly-Gaba,high,0.96,CBGLYGA2,high,0.96,CBGA,high,0.98,Gaba,high,0.97,GABA,high,0.98
30-4-1,196,0.78,CB_Granule_Glut,high,0.97,CBGRANGL4,high,0.97,CBGRGL,high,0.97,Glut,high,0.98,GLUT,high,0.98
30-4-2,131,0.79,CB_Granule_Glut,high,0.99,CBGRANGL4,high,0.99,CBGRGL,high,0.99,Glut,high,1,GLUT,high,1
30-4-3,137,0.9,CB_Granule_Glut,high,0.99,CBGRANGL4,high,0.99,CBGRGL,high,0.99,Glut,high,0.99,GLUT,high,0.99
30-5-2,143,0.82,Golgi_Gly-Gaba,high,0.98,GOLGlyGA2,high,0.98,CBGA,high,0.99,Gaba;Gly,high,0.98,GABA,high,0.99
30-5-1,258,0.91,DCO_Il22_Gly-Gaba,high,0.91,GOLGlyGA1,high,0.89,CBGA,high,0.97,Gaba;Gly,high,0.98,GABA,high,0.99
30-6-1,357,0.98,CB_MLI_Cdh22_Gaba,high,0.78,CBGLYGA1,high,0.78,CBGA,high,0.99,Gaba,high,0.98,GABA,high,0.99
30-7-1,212,0.69,CB_Purkinje_Gaba,high,1,PURKGA3,high,1,PURKGA,high,1,Gaba,high,1,GABA,high,1
30-8-2,46,0.78,CB_Purkinje_Gaba,high,1,PURKGA3,high,1,PURKGA,high,1,Gaba,high,1,GABA,high,1
30-8-1,61,0.85,CB_Purkinje_Gaba,high,1,PURKGA3,high,1,PURKGA,high,1,Gaba,high,1,GABA,high,1
31-1-1,1858,0.73,PG-TRN-LRN_Fat2_Glut,high,1,PTLGL1,high,1,HBGL,high,1,Glut,high,1,GLUT,high,1
31-1-2,1948,0.82,PG-TRN-LRN_Fat2_Glut,high,1,PTLGL1,high,1,HBGL,high,1,Glut,high,1,GLUT,high,1
31-2-3,212,0.54,PG-TRN-LRN_Fat2_Glut,high,1,PTLGL1,high,1,HBGL,high,1,Glut,high,1,GLUT,high,1
31-2-1,688,0.84,PG-TRN-LRN_Fat2_Glut,high,0.97,PTLGL1,high,0.97,HBGL,high,0.97,Glut,high,1,GLUT,high,1
31-2-4,152,0.71,PG-TRN-LRN_Fat2_Glut,high,0.99,PTLGL1,high,0.99,HBGL,high,0.99,Glut,high,1,GLUT,high,1
31-2-2,458,0.8,PG-TRN-LRN_Fat2_Glut,high,1,PTLGL1,high,1,HBGL,high,1,Glut,high,1,GLUT,high,1
32-1-2,1632,0.95,RT_Gnb3_Gaba,high,0.98,THGA3,medium,0.62,THGA,high,0.98,Gaba,high,1,GABA,high,1
32-1-3,1385,0.94,RT_Gnb3_Gaba,high,1,THGA2,high,0.81,THGA,high,1,Gaba,high,1,GABA,high,1
32-1-1,2271,0.97,RT_Gnb3_Gaba,high,0.99,THGA4,low,0.3,THGA,high,0.99,Gaba,high,1,GABA,high,1
32-1-4,543,0.97,RT_Gnb3_Gaba,high,0.99,THGA9,high,0.74,THGA,high,0.99,Gaba,high,1,GABA,high,1
32-2-2,145,0.99,PVH-PVi_Six3_Prox1_Gaba,high,0.82,Six3PVHPViGA1,high,0.82,HYGLGA,high,0.82,Gaba,high,1,GABA,high,1
32-2-1,165,0.96,PVH-PVi_Six3_Prox1_Gaba,high,0.72,Six3PVHPViGA1,high,0.72,HYGLGA,high,0.72,Gaba,high,1,GABA,high,1
33-1-2,1002,0.83,Endo_NN,high,1,VEC2,medium,0.51,VEC,high,1,NN,high,1,NN,high,1
33-1-1,3767,0.93,Endo_NN,high,1,VEC1,high,0.93,VEC,high,1,NN,high,1,NN,high,1
33-2-1,355,0.88,Endo_NN,high,1,VEC4,high,0.96,VEC,high,1,NN,high,1,NN,high,1
33-3-2,100,0.95,Endo_NN,high,1,VEC3,high,0.93,VEC,high,1,NN,high,1,NN,high,1
33-3-1,198,0.91,Endo_NN,high,0.97,VEC3,high,0.96,VEC,high,0.97,NN,high,1,NN,high,1
34-1-1,2739,0.96,OT_D3_Folh1_Gaba,high,1,MXD1,high,0.98,MXDGA,high,1,Gaba,high,1,GABA,high,1
34-1-2,1426,0.97,OT_D3_Folh1_Gaba,high,1,MXD1,high,0.98,MXDGA,high,1,Gaba,high,1,GABA,high,1
34-2-1,636,0.89,OT_D3_Folh1_Gaba,high,0.97,OTGA1,high,0.79,MXDGA,high,0.97,Gaba,high,1,GABA,high,1
35-1-1,767,0.91,MH_Tac2_Glut,high,0.99,MHGL2,high,0.98,MHGL,high,0.99,Glut,high,0.98,GLUT,high,0.99
35-1-2,489,0.96,MH_Tac2_Glut,high,0.99,MHGL2,high,0.96,MHGL,high,0.99,Glut,high,0.98,GLUT,high,1
35-2-1,691,0.88,MH_Tac2_Glut,high,0.99,MHCHOLGL1,high,0.99,MHGL,high,1,Glut;Chol,high,0.99,GLUT,high,1
35-2-2,348,0.99,MH_Tac2_Glut,high,0.98,MHCHOLGL1,high,0.98,MHGL,high,0.99,Glut;Chol,high,0.98,GLUT,high,1
35-3-1,480,0.94,MH_Tac2_Glut,high,1,MHCHOLGL1,high,0.99,MHGL,high,1,Glut;Chol,high,0.99,GLUT,high,1
35-3-2,260,0.95,MH_Tac2_Glut,high,1,MHCHOLGL1,high,0.99,MHGL,high,1,Glut;Chol,high,0.99,GLUT,high,1
35-4-1,163,0.95,LH_Pou4f1_Sox1_Glut,high,0.98,MHGL4,high,0.93,MHGL,high,0.98,Glut,high,0.99,GLUT,high,0.99
35-4-3,81,0.96,LH_Pou4f1_Sox1_Glut,high,0.96,MHGL5,high,0.96,MHGL,high,0.98,Glut,high,0.98,GLUT,high,0.98
35-4-2,103,0.88,LH_Pou4f1_Sox1_Glut,high,0.94,MHGL5,high,0.94,MHGL,high,0.99,Glut,high,0.97,GLUT,high,0.99
36-1-2,1051,0.88,L2-3_IT_ENTl-PIR_Glut,high,0.98,PIRGL2,high,0.98,ITENTPIRGL3,high,0.98,Glut,high,0.98,GLUT,high,0.99
36-1-1,1536,0.9,L2-3_IT_ENTl-PIR_Glut,high,1,PIRGL2,high,1,ITENTPIRGL3,high,1,Glut,high,1,GLUT,high,1
36-2-2,144,0.9,L2-3_IT_ENTl-PIR_Glut,high,1,PIRGL2,high,0.94,ITENTPIRGL3,high,0.94,Glut,high,1,GLUT,high,1
36-2-1,165,0.93,L2-3_IT_ENTl-PIR_Glut,high,1,PIRGL2,high,1,ITENTPIRGL3,high,1,Glut,high,1,GLUT,high,1
37-1-1,1339,0.99,Astro-TE_NN,high,0.96,ENTN1,high,0.77,LQ,high,0.8,NN,high,1,NN,high,1
37-2-1,729,0.99,Oligo_NN,high,0.99,ENTN3,high,0.8,LQ,high,0.8,NN,high,1,NN,high,1
37-3-1,602,0.95,BAM_NN,high,0.85,ENTN4,high,0.84,LQ,high,0.88,NN,high,1,NN,high,1
37-4-2,113,0.93,VLMC_NN,medium,0.41,ENTN2,low,0.39,LQ,medium,0.53,NN,medium,0.63,NN,medium,0.63
37-4-1,287,0.83,VLMC_NN,high,0.95,ENTN2,high,0.95,LQ,high,0.96,NN,high,0.96,NN,high,0.96
4-1-1,41500,0.95,L2-3_IT_CTX_Glut,high,0.99,ITL23GL1,low,0.35,ITL23GL,high,0.99,Glut,high,1,GLUT,high,1
4-1-3,12121,0.95,L2-3_IT_CTX_Glut,high,0.99,ITL23GL11,low,0.34,ITL23GL,high,0.99,Glut,high,1,GLUT,high,1
4-1-4,10322,0.96,L2-3_IT_CTX_Glut,high,0.8,ITL23GL4,medium,0.63,ITL23GL,high,0.8,Glut,high,1,GLUT,high,1
4-1-2,12705,0.96,L2-3_IT_CTX_Glut,high,0.8,ITL23GL3,high,0.73,ITL23GL,high,0.8,Glut,high,1,GLUT,high,1
4-1-5,787,0.91,L6_CT_CTX_Glut,medium,0.6,CTGL9,medium,0.6,CTL6GL,medium,0.6,Glut,high,1,GLUT,high,1
4-2-2,8469,0.95,L2-3_IT_CTX_Glut,high,1,ITL23GL5,high,0.92,ITL23GL,high,1,Glut,high,1,GLUT,high,1
4-2-1,9631,0.96,L2-3_IT_CTX_Glut,high,0.98,ITL23GL2,high,0.81,ITL23GL,high,0.98,Glut,high,1,GLUT,high,1
4-3-4,3358,0.95,L2-3_IT_CTX_Glut,high,1,ITL23GL13,medium,0.68,ITL23GL,high,1,Glut,high,1,GLUT,high,1
4-3-2,3967,0.88,L2-3_IT_CTX_Glut,high,0.96,ITL23GL9,medium,0.55,ITL23GL,high,0.96,Glut,high,1,GLUT,high,1
4-3-1,4830,0.93,L2-3_IT_CTX_Glut,high,0.99,ITL23GL7,high,0.95,ITL23GL,high,0.99,Glut,high,1,GLUT,high,1
4-3-3,4078,0.97,L2-3_IT_CTX_Glut,high,0.99,ITL23GL7,medium,0.5,ITL23GL,high,0.99,Glut,high,1,GLUT,high,1
4-3-5,1013,0.91,L2-3_IT_CTX_Glut,high,0.98,ITL23GL7,high,0.98,ITL23GL,high,0.98,Glut,high,1,GLUT,high,1
4-4-2,6254,0.93,L2-3_IT_CTX_Glut,high,0.97,ITL23GL2,medium,0.53,ITL23GL,high,0.97,Glut,high,1,GLUT,high,1
4-4-1,8345,0.96,L2-3_IT_CTX_Glut,high,0.91,ITL23GL6,high,0.87,ITL23GL,high,0.91,Glut,high,1,GLUT,high,1
4-4-4,253,0.96,L2-3_IT_CTX_Glut,high,0.84,ITL23GL6,high,0.83,ITL23GL,high,0.84,Glut,high,1,GLUT,high,1
4-4-3,374,0.95,L2-3_IT_CTX_Glut,high,0.89,ITL23GL6,medium,0.47,ITL23GL,high,0.89,Glut,high,1,GLUT,high,1
5-1-2,13933,0.92,L4-5_IT_CTX_Glut,high,0.91,ITL5GL1,high,0.84,ITL46GL,high,0.93,Glut,high,1,GLUT,high,1
5-1-1,16392,0.96,L4-5_IT_CTX_Glut,high,0.95,ITL5GL6,medium,0.41,ITL46GL,high,0.92,Glut,high,1,GLUT,high,1
5-1-3,11347,0.95,L4-5_IT_CTX_Glut,high,0.96,ITL5GL3,medium,0.59,ITL46GL,high,0.95,Glut,high,1,GLUT,high,1
5-1-5,6653,0.89,L4-5_IT_CTX_Glut,high,0.95,ITL5GL4,high,0.91,ITL46GL,high,0.94,Glut,high,1,GLUT,high,1
5-1-4,9782,0.95,L4-5_IT_CTX_Glut,high,0.98,ITL5GL5,high,0.75,ITL46GL,high,0.86,Glut,high,1,GLUT,high,1
5-2-2,15473,0.96,L4-5_IT_CTX_Glut,high,0.99,ITL4GL2,high,0.73,ITL45GL,high,0.85,Glut,high,1,GLUT,high,1
5-2-1,17010,0.95,L4-5_IT_CTX_Glut,high,1,ITL4GL1,high,0.83,ITL45GL,high,0.99,Glut,high,1,GLUT,high,1
5-2-3,7242,0.97,L4-5_IT_CTX_Glut,high,0.99,ITL4GL3,high,0.7,ITL45GL,high,0.98,Glut,high,1,GLUT,high,1
5-2-4,4164,0.96,L4-5_IT_CTX_Glut,high,0.98,ITL4GL4,high,0.86,ITL45GL,high,0.95,Glut,high,1,GLUT,high,1
5-3-2,2827,0.94,L5_IT_CTX_Glut,high,0.82,RSPGL2,medium,0.44,ITL5GL,high,0.81,Glut,high,1,GLUT,high,1
5-3-1,6278,0.97,L5_IT_CTX_Glut,high,0.99,RSPGL1,low,0.36,ITL5GL,high,0.99,Glut,high,1,GLUT,high,1
5-3-3,242,0.95,L5_IT_CTX_Glut,medium,0.6,ITL6GL1,low,0.14,ITL5GL,medium,0.46,Glut,high,1,GLUT,high,1
5-4-1,1820,0.93,L4_RSP-ACA_Glut,high,1,RSPACAL4GL1,high,1,RSPL4GL,high,1,Glut,high,1,GLUT,high,1
5-4-2,886,0.95,L4_RSP-ACA_Glut,high,0.98,RSPACAL4GL1,high,0.98,RSPL4GL,high,0.98,Glut,high,1,GLUT,high,1
6-1-2,14520,0.98,Astro-NT_NN,high,1,ASCNT3,medium,0.6,ASCNT,high,0.99,NN,high,1,NN,high,1
6-1-1,19587,0.96,Astro-NT_NN,high,1,ASCNT2,medium,0.47,ASCNT,high,0.96,NN,high,1,NN,high,1
6-10-1,465,0.98,Bergmann_NN,high,0.95,ASCNT10,high,0.92,ASCTENT,high,0.93,NN,high,1,NN,high,1
6-10-2,192,0.99,Bergmann_NN,high,0.99,ASCNT10,high,0.99,ASCTENT,high,0.99,NN,high,1,NN,high,1
6-10-3,147,0.93,Bergmann_NN,high,0.98,ASCNT10,high,0.98,ASCTENT,high,0.99,NN,high,1,NN,high,1
6-10-4,85,0.98,Bergmann_NN,high,0.85,ASCNT10,high,0.81,ASCTENT,high,0.82,NN,high,0.99,NN,high,0.99
6-2-3,5650,0.99,Astro-NT_NN,high,1,ASCNT1,high,0.82,ASCNT,high,0.99,NN,high,1,NN,high,1
6-2-2,11048,0.96,Astro-NT_NN,high,0.98,ASCNT2,medium,0.44,ASCNT,high,0.95,NN,high,1,NN,high,1
6-2-1,15284,0.99,Astro-NT_NN,high,0.99,ASCNT1,high,0.78,ASCNT,high,0.98,NN,high,1,NN,high,1
6-3-1,12314,0.94,Astro-NT_NN,high,1,ASCNT4,medium,0.6,ASCNT,high,0.96,NN,high,1,NN,high,1
6-3-3,602,0.99,Astro-NT_NN,high,0.99,ASCNT4,medium,0.59,ASCNT,high,0.96,NN,high,1,NN,high,1
6-3-2,4768,0.98,Astro-NT_NN,high,0.97,ASCNT4,high,0.9,ASCNT,high,0.94,NN,high,1,NN,high,1
6-4-2,6388,0.99,Astro-NT_NN,high,0.99,ASCNT5,medium,0.69,ASCNT,high,0.98,NN,high,1,NN,high,1
6-4-1,7290,0.99,Astro-NT_NN,high,1,ASCNT5,high,0.71,ASCNT,high,0.98,NN,high,1,NN,high,1
6-5-1,2601,0.92,Astro-NT_NN,high,0.94,ASCNT7,high,0.82,ASCTENT,high,0.93,NN,high,1,NN,high,1
6-5-2,1056,0.92,Astro-NT_NN,high,0.82,ASCNT9,medium,0.62,ASCTENT,medium,0.68,NN,high,1,NN,high,1
6-5-5,73,0.82,Tanycyte_NN,medium,0.7,TANY4,medium,0.7,EPTANN,medium,0.7,NN,high,0.97,NN,high,0.97
6-5-4,83,0.9,Ependymal_NN,high,0.93,EPEN6,high,0.93,EPTANN,high,0.93,NN,high,0.94,NN,high,0.94
6-5-3,179,0.93,Astro-NT_NN,high,0.97,ASCNT9,high,0.97,ASCTENT,high,0.97,NN,high,1,NN,high,1
6-6-1,1182,0.72,Ependymal_NN,high,0.99,EPEN1,high,0.95,EPTANN,high,1,NN,high,1,NN,high,1
6-6-2,1006,0.82,Ependymal_NN,high,1,EPEN2,high,0.79,EPTANN,high,1,NN,high,1,NN,high,1
6-6-4,97,0.84,Ependymal_NN,high,0.96,EPEN4,high,0.93,EPTANN,high,0.97,NN,high,1,NN,high,1
6-6-3,195,0.97,Ependymal_NN,high,1,EPEN3,high,0.99,EPTANN,high,1,NN,high,1,NN,high,1
6-7-4,27,0.23,Tanycyte_NN,medium,0.59,TANY2,medium,0.52,EPTANN,medium,0.59,NN,high,1,NN,high,1
6-7-2,480,0.97,Tanycyte_NN,high,0.85,TANY2,high,0.71,EPTANN,high,0.97,NN,high,1,NN,high,1
6-7-5,71,0.96,Tanycyte_NN,high,0.97,TANY2,high,0.97,EPTANN,high,0.97,NN,high,1,NN,high,1
6-7-1,682,0.96,Tanycyte_NN,high,0.96,TANY1,high,0.88,EPTANN,high,0.97,NN,high,1,NN,high,1
6-7-3,283,0.96,Tanycyte_NN,high,0.98,TANY3,high,0.9,EPTANN,high,0.98,NN,high,1,NN,high,1
6-7-6,63,0.86,Tanycyte_NN,high,0.92,TANY2,high,0.81,EPTANN,high,0.95,NN,high,1,NN,high,1
6-8-2,142,0.97,Bergmann_NN,high,0.99,BERG1,high,0.99,BERG,high,0.99,NN,high,1,NN,high,1
6-8-1,1491,0.99,Bergmann_NN,high,1,BERG1,high,0.99,BERG,high,0.99,NN,high,1,NN,high,1
6-9-1,287,0.75,CHOR_NN,high,0.98,CHOR1,high,0.98,CHOR,high,0.98,NN,high,1,NN,high,1
6-9-2,283,0.87,CHOR_NN,high,1,CHOR1,high,1,CHOR,high,1,NN,high,1,NN,high,1
6-9-3,231,0.72,CHOR_NN,high,0.99,CHOR1,high,0.99,CHOR,high,0.99,NN,high,0.99,NN,high,0.99
7-1-1,12131,0.94,L2-3_IT_ENTl-PIR_Glut,high,0.98,OLFGL2,medium,0.54,ITENTPIRGL1,high,1,Glut,high,1,GLUT,high,1
7-1-2,8905,0.94,L2-3_IT_ENTl-PIR_Glut,high,0.96,OLFGL1,high,0.77,ITENTPIRGL1,high,1,Glut,high,1,GLUT,high,1
7-10-1,564,0.95,L2-3_IT_ENTl-PIR_Glut,high,0.77,OLFGL14,high,0.73,ITENTPIRGL1,high,0.76,Glut,high,1,GLUT,high,1
7-10-3,136,0.96,L2-3_IT_ENTl-PIR_Glut,high,0.99,OLFGL7,medium,0.65,ITENTPIRGL1,high,0.95,Glut,high,1,GLUT,high,1
7-10-2,293,0.96,L2-3_IT_ENTl-PIR_Glut,high,0.94,OLFGL14,high,0.89,ITENTPIRGL1,high,0.93,Glut,high,1,GLUT,high,1
7-11-2,183,0.96,L2-3_IT_ENTl-PIR_Glut,high,0.82,OLFGL3,medium,0.43,ITENTPIRGL1,high,0.84,Glut,high,1,GLUT,high,1
7-11-5,91,0.85,VLMC_NN,low,0.25,ENTN2,low,0.25,LQ,low,0.26,Glut,medium,0.58,GLUT,medium,0.58
7-11-7,85,0.99,L5-6_IT_TPE-ENT_Glut,high,0.73,ITL6GL7,medium,0.61,ITL56GL,high,0.73,Glut,high,1,GLUT,high,1
7-11-3,128,0.98,L5-6_IT_TPE-ENT_Glut,high,0.85,ITL6GL6,high,0.82,ITL56GL,high,0.91,Glut,high,1,GLUT,high,1
7-11-1,210,0.95,L2-3_IT_ENTl-PIR_Glut,high,0.78,OLFGL3,high,0.7,ITENTPIRGL1,high,0.79,Glut,high,1,GLUT,high,1
7-11-4,121,0.99,LA-BLA-BMA-PA_Glut,low,0.3,OLFGL11,low,0.3,ITENTPIRGL1,medium,0.51,Glut,high,1,GLUT,high,1
7-11-6,96,0.97,L2-3_IT_ENT_Glut,high,0.96,ENTGL1,high,0.93,RHPGL,high,0.96,Glut,high,1,GLUT,high,1
7-11-8,67,0.99,COAp_Grxcr2_Glut,high,0.94,COApGL1,high,0.94,CA3GL,high,0.96,Glut,high,0.99,GLUT,high,0.99
7-12-2,183,0.91,IT_AON-TT-DP_Glut,high,0.97,OBGL2,high,0.95,ITENTPIRGL1,high,0.97,Glut,high,0.98,GLUT,high,0.98
7-12-1,339,0.95,IT_AON-TT-DP_Glut,high,0.99,OBGL2,high,0.99,ITENTPIRGL1,high,1,Glut,high,1,GLUT,high,1
7-13-1,207,0.93,LA-BLA-BMA-PA_Glut,high,0.99,LBBPGL2,high,0.98,AMYGL,high,0.98,Glut,high,1,GLUT,high,1
7-13-3,85,0.92,LA-BLA-BMA-PA_Glut,high,1,LBBPGL2,high,0.98,AMYGL,high,0.98,Glut,high,1,GLUT,high,1
7-13-2,96,0.94,LA-BLA-BMA-PA_Glut,high,1,LBBPGL2,high,1,AMYGL,high,1,Glut,high,1,GLUT,high,1
7-2-1,9472,0.89,L2-3_IT_ENTl-PIR_Glut,high,0.85,OLFGL4,low,0.39,ITENTPIRGL1,high,0.88,Glut,high,1,GLUT,high,1
7-2-2,7831,0.9,L2-3_IT_ENTl-PIR_Glut,high,0.88,OLFGL3,medium,0.61,ITENTPIRGL1,high,0.9,Glut,high,1,GLUT,high,1
7-3-1,7646,0.96,L2-3_IT_ENTl-PIR_Glut,high,1,PIRGL1,high,1,ITENTPIRGL2,high,1,Glut,high,1,GLUT,high,1
7-3-2,6020,0.92,L2-3_IT_ENTl-PIR_Glut,high,1,PIRGL1,high,0.95,ITENTPIRGL2,high,0.95,Glut,high,1,GLUT,high,1
7-4-3,1954,0.94,IT_AON-TT-DP_Glut,high,0.86,OLFGL5,high,0.84,ITENTPIRGL1,high,1,Glut,high,1,GLUT,high,1
7-4-7,494,0.94,L2-3_IT_ENTl-PIR_Glut,high,0.88,OLFGL14,high,0.82,ITENTPIRGL1,high,0.93,Glut,high,1,GLUT,high,1
7-4-6,1145,0.95,IT_AON-TT-DP_Glut,high,0.86,OLFGL5,high,0.85,ITENTPIRGL1,high,0.99,Glut,high,1,GLUT,high,1
7-4-2,2263,0.94,L2-3_IT_ENTl-PIR_Glut,high,0.93,OLFGL9,high,0.89,ITENTPIRGL1,high,0.96,Glut,high,1,GLUT,high,1
7-4-5,1374,0.93,IT_AON-TT-DP_Glut,high,0.97,OLFGL5,high,0.89,ITENTPIRGL1,high,0.98,Glut,high,1,GLUT,high,1
7-4-4,1611,0.91,IT_AON-TT-DP_Glut,high,0.96,OBGL1,high,0.9,ITENTPIRGL1,high,0.98,Glut,high,1,GLUT,high,1
7-4-1,3363,0.94,IT_AON-TT-DP_Glut,high,0.98,OBGL1,high,0.92,ITENTPIRGL1,high,1,Glut,high,1,GLUT,high,1
7-4-8,455,0.88,L5_ET_CTX_Glut,high,0.87,PTGL7,high,0.86,ETL5GL,high,0.87,Glut,high,1,GLUT,high,1
7-4-9,401,0.95,IT_AON-TT-DP_Glut,high,0.97,OBGL3,high,0.95,ITENTPIRGL1,high,0.99,Glut,high,1,GLUT,high,1
7-5-4,1699,0.93,L2-3_IT_ENTl-PIR_Glut,high,1,OLFGL12,high,0.99,ITENTPIRGL1,high,0.99,Glut,high,1,GLUT,high,1
7-5-1,3315,0.96,L2-3_IT_ENTl-PIR_Glut,high,1,OLFGL7,high,0.89,ITENTPIRGL1,high,0.99,Glut,high,1,GLUT,high,1
7-5-5,863,0.95,L2-3_IT_ENTl-PIR_Glut,high,0.98,OLFGL7,high,0.82,ITENTPIRGL1,high,0.99,Glut,high,1,GLUT,high,1
7-5-3,1969,0.88,L2-3_IT_ENTl-PIR_Glut,high,0.93,OLFGL10,high,0.83,ITENTPIRGL1,high,0.94,Glut,high,1,GLUT,high,1
7-5-2,2153,0.92,L2-3_IT_ENTl-PIR_Glut,high,1,OLFGL6,high,0.82,ITENTPIRGL1,high,0.89,Glut,high,1,GLUT,high,1
7-6-2,2344,0.91,LA-BLA-BMA-PA_Glut,high,0.97,LBBPGL1,high,0.97,RHPGL,high,0.97,Glut,high,1,GLUT,high,1
7-6-1,1998,0.77,LA-BLA-BMA-PA_Glut,high,0.94,LBBPGL1,high,0.93,RHPGL,high,0.93,Glut,high,1,GLUT,high,1
7-6-4,831,0.94,COAp-TR-ENTmv_Glut,high,0.92,CA3GL3,high,0.92,CA3GL,high,0.93,Glut,high,1,GLUT,high,1
7-6-3,2218,0.88,LA-BLA-BMA-PA_Glut,high,0.84,OLFGL11,high,0.76,ITENTPIRGL1,high,0.9,Glut,high,1,GLUT,high,1
7-7-2,1613,0.89,L2-3_IT_ENT_Glut,high,0.99,ENTGL5,high,0.98,RHPGL,high,1,Glut,high,1,GLUT,high,1
7-7-1,3553,0.89,L2-3_IT_ENT_Glut,high,0.9,ENTGL1,high,0.89,RHPGL,high,0.91,Glut,high,1,GLUT,high,1
7-8-1,2671,0.86,L2-3_IT_ENTl-PIR_Glut,high,0.98,ENTGL2,high,0.87,RHPGL,high,0.88,Glut,high,1,GLUT,high,1
7-8-2,551,0.81,L2_IT_ENT-po_Glut,high,0.96,ENTGL7,high,0.96,RHPGL,high,1,Glut,high,1,GLUT,high,1
7-9-1,1113,0.84,MEA_Slc17a7_Glut,high,0.86,CA3GL5,high,0.86,CA3GL,high,0.87,Glut,high,1,GLUT,high,1
7-9-4,416,0.97,COAp_Grxcr2_Glut,medium,0.68,COApGL1,medium,0.68,CA3GL,high,0.97,Glut,high,1,GLUT,high,1
7-9-2,1064,0.94,COAp_Grxcr2_Glut,high,0.93,COApGL1,high,0.93,CA3GL,high,0.93,Glut,high,1,GLUT,high,1
7-9-3,382,0.88,LA-BLA-BMA-PA_Glut,medium,0.43,OLFGL11,low,0.34,ITENTPIRGL1,medium,0.57,Glut,high,1,GLUT,high,1
8-1-1,12527,0.95,L6_CT_CTX_Glut,high,1,CTGL1,high,0.87,CTL6GL,high,1,Glut,high,1,GLUT,high,1
8-1-2,8428,0.94,L6_CT_CTX_Glut,high,1,CTGL1,medium,0.52,CTL6GL,high,1,Glut,high,1,GLUT,high,1
8-10-2,551,0.96,L6_CT_CTX_Glut,high,0.99,CTGL11,high,0.91,CTL6GL,high,0.99,Glut,high,1,GLUT,high,1
8-10-1,582,0.93,L6_CT_CTX_Glut,high,0.99,CTGL11,high,0.98,CTL6GL,high,0.99,Glut,high,1,GLUT,high,1
8-2-1,13400,0.94,L6_CT_CTX_Glut,high,0.99,CTGL3,medium,0.46,CTL6GL,high,0.99,Glut,high,0.99,GLUT,high,1
8-2-2,3081,0.86,L6_CT_CTX_Glut,high,1,CTGL3,high,0.72,CTL6GL,high,1,Glut,high,1,GLUT,high,1
8-3-2,5685,0.96,L6_CT_CTX_Glut,high,1,CTGL5,medium,0.45,CTL6GL,high,1,Glut,high,1,GLUT,high,1
8-3-1,9952,0.95,L6_CT_CTX_Glut,high,1,CTGL6,medium,0.47,CTL6GL,high,1,Glut,high,1,GLUT,high,1
8-4-2,1607,0.95,L6_CT_CTX_Glut,high,0.78,CTGL4,medium,0.67,CTL6GL,high,0.78,Glut,high,1,GLUT,high,1
8-4-1,8262,0.95,L6_CT_CTX_Glut,high,1,CTGL2,high,0.8,CTL6GL,high,1,Glut,high,1,GLUT,high,1
8-4-3,163,0.95,L6_CT_CTX_Glut,high,0.99,CTGL2,medium,0.62,CTL6GL,high,0.99,Glut,high,1,GLUT,high,1
8-5-2,2099,0.94,L6b_CTX_Glut,high,0.97,L6bCTXGL2,high,0.79,L6bGL,high,0.99,Glut,high,1,GLUT,high,1
8-5-1,2100,0.9,L6b_CTX_Glut,high,0.94,L6bCTXGL3,high,0.84,L6bGL,high,1,Glut,high,1,GLUT,high,1
8-5-7,375,0.88,L6b_CTX_Glut,high,0.99,L6bCTXGL5,high,0.97,L6bGL,high,0.99,Glut,high,1,GLUT,high,1
8-5-5,872,0.91,L6b_EPd_Glut,high,0.96,L6bEPdGL2,high,0.94,L6bGL,high,1,Glut,high,1,GLUT,high,1
8-5-3,1336,0.88,L6b_EPd_Glut,high,0.93,L6bEPdGL1,high,0.91,L6bGL,high,1,Glut,high,1,GLUT,high,1
8-5-4,940,0.84,L6b_CTX_Glut,high,0.93,L6bCTXGL4,high,0.7,L6bGL,high,1,Glut,high,1,GLUT,high,1
8-5-6,534,0.89,L6b-CT_ENT_Glut,high,0.97,L6bENTGL3,high,0.97,L6bGL,high,1,Glut,high,1,GLUT,high,1
8-6-3,1667,0.92,L6b_CTX_Glut,high,0.81,L6bCTXGL1,high,0.76,L6bGL,high,0.88,Glut,high,1,GLUT,high,1
8-6-1,3325,0.93,L6_CT_CTX_Glut,high,0.91,CTGL7,high,0.84,CTL6GL,high,0.91,Glut,high,1,GLUT,high,1
8-6-2,2438,0.89,L6_CT_CTX_Glut,medium,0.7,CTGL7,medium,0.67,CTL6GL,medium,0.7,Glut,high,1,GLUT,high,1
8-7-1,7166,0.95,L6_CT_CTX_Glut,high,0.99,CTGL4,high,0.91,CTL6GL,high,0.99,Glut,high,1,GLUT,high,1
8-8-1,3057,0.93,L6b-CT_ENT_Glut,high,0.82,L6bENTGL1,high,0.72,L6bGL,high,1,Glut,high,1,GLUT,high,1
8-8-2,1683,0.91,L6b-CT_ENT_Glut,high,0.95,L6bENTGL2,high,0.92,L6bGL,high,0.95,Glut,high,1,GLUT,high,1
8-8-3,183,0.97,L6b-CT_ENT_Glut,high,0.77,L6bENTGL1,medium,0.57,L6bGL,high,0.95,Glut,high,0.99,GLUT,high,1
8-9-1,1573,0.96,L6_CT_CTX_Glut,high,0.99,CTGL2,high,0.98,CTL6GL,high,0.99,Glut,high,1,GLUT,high,1
8-9-2,906,0.9,L6_CT_CTX_Glut,high,0.88,CTGL2,high,0.84,CTL6GL,high,0.88,Glut,high,1,GLUT,high,1
9-1-1,56081,0.97,OPC_NN,high,1,OPC1,high,0.96,OPC,high,1,NN,high,1,NN,high,1
9-1-3,12943,0.96,OPC_NN,high,0.99,OPC1,high,0.98,OPC,high,0.99,NN,high,1,NN,high,1
9-1-4,929,0.97,OPC_NN,high,1,OPC1,high,0.96,OPC,high,1,NN,high,1,NN,high,1
9-1-2,20553,0.96,OPC_NN,high,1,OPC2,high,0.79,OPC,high,1,NN,high,1,NN,high,1
9-2-2,183,0.52,OPC_NN,medium,0.59,OPC3,medium,0.41,OPC,medium,0.59,NN,high,1,NN,high,1
9-2-3,172,0.68,OPC_NN,high,0.99,OPC1,medium,0.49,OPC,high,0.99,NN,high,1,NN,high,1
9-2-1,245,0.53,OPC_NN,high,0.87,OPC1,medium,0.61,OPC,high,0.87,NN,high,1,NN,high,1
9-3-2,135,0.49,Astro-TE_NN,high,0.76,ASCTE1,high,0.71,ASCTE1,high,0.71,NN,high,1,NN,high,1
9-3-3,75,0.46,OPC_NN,medium,0.64,OPC1,medium,0.64,OPC,medium,0.64,NN,high,1,NN,high,1
9-3-1,187,0.61,OPC_NN,high,0.71,OPC1,medium,0.66,OPC,high,0.71,NN,high,1,NN,high,1
9-4-1,163,0.42,OPC_NN,high,0.85,OPC1,high,0.83,OPC,high,0.85,NN,high,1,NN,high,1
9-4-2,255,0.76,OPC_NN,high,0.98,OPC1,high,0.88,OPC,high,0.98,NN,high,1,NN,high,1
9-5-1,524,0.96,OPC_NN,high,0.97,ENTN5,high,0.79,LQ,high,0.79,NN,high,1,NN,high,1
9-6-1,18,0.14,Oligo_NN,medium,0.44,OPC1,low,0.33,OPC,low,0.33,NN,high,0.94,NN,high,0.94
9-6-2,2,0.017,Astro-NT_NN,medium,0.5,ASCNT11,medium,0.5,ASCTENT,medium,0.5,NN,high,1,NN,high,1
9-6-3,4,0.066,Astro-NT_NN,high,0.75,ASCNT11,medium,0.5,ASCTENT,high,0.75,NN,high,1,NN,high,1
